ev_id,station_id,arrival_time,departure_deadline,battery_capacity_kWh,initial_soc,target_soc,max_charging_power_kW,energy_required_kWh,minimum_charging_time_h,flexibility_buffer_h,scenario
EV_b22b1b19,ST004,2025-04-01 00:07:17,2025-04-01 06:17:02,47.82,40.98,85.84,7,21.46,3.07,3.1,normal_demand
EV_83a5ac99,ST011,2025-04-01 00:07:57,2025-04-01 04:54:07,57.76,46.84,84.1,7,21.52,3.07,1.7,normal_demand
EV_c7a88d63,ST012,2025-04-01 00:10:00,2025-04-01 05:19:04,32.57,14.83,97.64,7,26.97,3.85,1.3,normal_demand
EV_3056e464,ST007,2025-04-01 00:13:14,2025-04-01 05:41:22,99.3,15.28,98.36,22,82.49,3.75,1.72,normal_demand
EV_945f75e4,ST009,2025-04-01 00:15:36,2025-04-01 07:33:47,53.93,28.4,84.36,22,30.18,1.37,5.93,normal_demand
EV_8a00e997,ST007,2025-04-01 00:16:20,2025-04-01 06:41:48,66.32,42.13,88.88,11,31.01,2.82,3.61,normal_demand
EV_50a971b3,ST012,2025-04-01 00:17:30,2025-04-01 08:30:50,76.46,11.21,84.55,11,56.08,5.1,3.12,normal_demand
EV_10dbb72d,ST019,2025-04-01 00:20:43,2025-04-01 06:33:09,39.86,39.12,92.08,7,21.11,3.02,3.19,normal_demand
EV_5a018b6c,ST020,2025-04-01 00:22:15,2025-04-01 05:46:22,46.25,30.81,97.11,22,30.67,1.39,4.01,normal_demand
EV_c5ae8066,ST004,2025-04-01 00:23:53,2025-04-01 05:46:25,92.77,53.9,81.39,50,25.51,0.51,4.87,normal_demand
EV_99a5946d,ST017,2025-04-01 00:26:14,2025-04-01 09:21:02,48.95,20.68,96.91,7,37.32,5.33,3.58,normal_demand
EV_42c9f081,ST011,2025-04-01 00:29:38,2025-04-01 08:26:07,72.94,50.65,80.67,7,21.9,3.13,4.81,normal_demand
EV_6234e890,ST010,2025-04-01 00:33:30,2025-04-01 06:59:08,76.12,35.42,95.78,11,45.95,4.18,2.25,normal_demand
EV_e0799730,ST004,2025-04-01 00:35:00,2025-04-01 11:09:45,87.16,19.73,83.71,11,55.76,5.07,5.51,normal_demand
EV_675653d0,ST006,2025-04-01 00:36:30,2025-04-01 07:28:21,38.73,23.25,89.87,11,25.8,2.35,4.52,normal_demand
EV_9f07df29,ST017,2025-04-01 00:36:36,2025-04-01 05:03:44,43.46,14.28,95.96,22,35.5,1.61,2.84,normal_demand
EV_6bcc5ed7,ST009,2025-04-01 00:38:10,2025-04-01 06:26:25,32.56,47.75,98.05,50,16.38,0.33,5.48,normal_demand
EV_bff6fa62,ST005,2025-04-01 00:43:55,2025-04-01 07:44:48,40.73,17.51,92.22,7,30.43,4.35,2.67,normal_demand
EV_143d102c,ST015,2025-04-01 00:45:15,2025-04-01 09:10:34,41.83,19.59,98.3,7,32.92,4.7,3.72,normal_demand
EV_b04b8271,ST013,2025-04-01 00:49:31,2025-04-01 07:59:40,46.0,38.37,90.47,7,23.97,3.42,3.74,normal_demand
EV_14f1f7c2,ST012,2025-04-01 00:51:45,2025-04-01 05:26:19,93.59,54.76,85.54,11,28.81,2.62,1.96,normal_demand
EV_506e7c56,ST020,2025-04-01 00:53:07,2025-04-01 08:34:51,92.34,47.76,96.43,22,44.94,2.04,5.65,normal_demand
EV_deb86876,ST015,2025-04-01 00:53:46,2025-04-01 06:11:18,71.04,46.87,85.61,7,27.52,3.93,1.36,normal_demand
EV_d2a40ea3,ST020,2025-04-01 00:58:38,2025-04-01 05:36:23,59.32,42.82,87.68,11,26.61,2.42,2.21,normal_demand
EV_4376cf78,ST002,2025-04-01 00:58:42,2025-04-01 09:21:57,43.06,15.82,93.52,7,33.46,4.78,3.61,normal_demand
EV_ea042627,ST017,2025-04-01 01:02:09,2025-04-01 05:43:45,81.28,23.65,98.19,22,60.58,2.75,1.94,normal_demand
EV_f6d21019,ST018,2025-04-01 01:05:07,2025-04-01 07:43:53,82.86,51.99,93.02,11,33.99,3.09,3.56,normal_demand
EV_f28f1ed2,ST013,2025-04-01 01:05:14,2025-04-01 14:09:26,99.78,19.87,87.24,7,67.22,9.6,3.47,normal_demand
EV_1e9abfb0,ST001,2025-04-01 01:05:26,2025-04-01 09:05:08,78.19,46.4,89.67,7,33.83,4.83,3.16,normal_demand
EV_12c49339,ST009,2025-04-01 01:06:14,2025-04-01 05:14:59,64.89,50.59,82.29,50,20.57,0.41,3.73,normal_demand
EV_a55bd61e,ST013,2025-04-01 01:06:53,2025-04-01 04:58:45,90.53,36.96,93.08,22,50.81,2.31,1.55,normal_demand
EV_7b9f9826,ST002,2025-04-01 01:14:07,2025-04-01 08:36:19,85.24,49.1,89.88,22,34.76,1.58,5.79,normal_demand
EV_a64221fd,ST009,2025-04-01 01:14:25,2025-04-01 09:19:15,79.51,57.83,96.05,7,30.39,4.34,3.74,normal_demand
EV_05ac1283,ST005,2025-04-01 01:21:04,2025-04-01 05:54:22,41.64,41.81,89.78,7,19.97,2.85,1.7,normal_demand
EV_f22d7dbc,ST011,2025-04-01 01:22:53,2025-04-01 05:36:57,59.76,49.71,85.78,50,21.56,0.43,3.8,normal_demand
EV_15dbcd02,ST006,2025-04-01 01:23:38,2025-04-01 06:58:01,93.76,39.01,88.99,11,46.87,4.26,1.31,normal_demand
EV_d543c79b,ST014,2025-04-01 01:31:31,2025-04-01 05:05:46,53.01,34.84,98.18,22,33.58,1.53,2.04,normal_demand
EV_e5225a63,ST016,2025-04-01 01:33:40,2025-04-01 11:22:10,99.76,45.81,89.28,7,43.37,6.2,3.61,normal_demand
EV_afdbfeb1,ST001,2025-04-01 01:39:52,2025-04-01 09:21:35,96.23,46.3,94.58,7,46.46,6.64,1.06,normal_demand
EV_2cf638c4,ST017,2025-04-01 01:41:37,2025-04-01 06:56:21,44.36,55.95,94.48,11,17.09,1.55,3.69,normal_demand
EV_c6d1861d,ST019,2025-04-01 01:42:30,2025-04-01 08:57:58,31.78,46.64,93.46,7,14.88,2.13,5.13,normal_demand
EV_93deb827,ST016,2025-04-01 01:44:46,2025-04-01 05:41:39,31.29,23.49,87.71,7,20.09,2.87,1.08,normal_demand
EV_49f3d2f5,ST006,2025-04-01 01:46:16,2025-04-01 06:04:25,71.66,22.96,82.61,22,42.74,1.94,2.36,normal_demand
EV_969078a6,ST019,2025-04-01 01:46:37,2025-04-01 07:21:02,94.86,42.1,89.02,11,44.51,4.05,1.53,normal_demand
EV_26b23381,ST012,2025-04-01 01:47:21,2025-04-01 10:17:12,93.29,41.19,83.29,7,39.28,5.61,2.89,normal_demand
EV_de6b392e,ST006,2025-04-01 01:50:51,2025-04-01 14:14:53,78.33,37.0,99.67,7,49.09,7.01,5.39,normal_demand
EV_09012fc1,ST020,2025-04-01 01:51:56,2025-04-01 06:21:27,39.58,13.45,97.31,11,33.19,3.02,1.47,normal_demand
EV_e31df464,ST002,2025-04-01 01:52:58,2025-04-01 08:06:44,88.72,48.22,97.48,22,43.71,1.99,4.24,normal_demand
EV_a6826efd,ST008,2025-04-01 01:57:08,2025-04-01 08:17:20,70.36,13.85,83.08,11,48.71,4.43,1.91,normal_demand
EV_6a30d6b6,ST011,2025-04-01 02:00:14,2025-04-01 06:49:52,71.82,31.7,86.85,11,39.61,3.6,1.23,normal_demand
EV_70f45f18,ST014,2025-04-01 02:01:06,2025-04-01 06:24:38,42.02,43.82,99.22,7,23.28,3.33,1.07,normal_demand
EV_0d81e339,ST005,2025-04-01 02:01:09,2025-04-01 10:12:07,33.63,31.62,82.21,7,17.01,2.43,5.75,normal_demand
EV_d143f841,ST020,2025-04-01 02:02:09,2025-04-01 08:38:42,49.18,12.93,91.07,50,38.44,0.77,5.84,normal_demand
EV_dd76c26a,ST006,2025-04-01 02:02:54,2025-04-01 07:13:10,94.57,10.61,86.78,22,72.04,3.27,1.9,normal_demand
EV_a6a93f52,ST015,2025-04-01 02:07:25,2025-04-01 07:44:19,39.38,40.55,89.25,22,19.18,0.87,4.74,normal_demand
EV_234c8d8c,ST006,2025-04-01 02:10:01,2025-04-01 07:51:36,37.12,59.61,89.43,7,11.07,1.58,4.11,normal_demand
EV_236f4c97,ST017,2025-04-01 02:11:20,2025-04-01 10:26:36,92.62,40.98,95.12,7,50.15,7.16,1.09,normal_demand
EV_731b0551,ST010,2025-04-01 02:11:27,2025-04-01 07:44:15,56.58,17.44,89.08,22,40.53,1.84,3.7,normal_demand
EV_5970acde,ST014,2025-04-01 02:14:04,2025-04-01 11:07:11,52.66,18.74,85.21,7,35.0,5.0,3.89,normal_demand
EV_40014c4a,ST005,2025-04-01 02:14:53,2025-04-01 07:09:45,34.65,25.16,81.93,11,19.67,1.79,3.13,normal_demand
EV_68315719,ST001,2025-04-01 02:15:20,2025-04-01 09:38:57,54.2,41.86,80.91,7,21.17,3.02,4.37,normal_demand
EV_4ebbc031,ST018,2025-04-01 02:15:59,2025-04-01 06:11:35,75.08,35.29,93.85,22,43.96,2.0,1.93,normal_demand
EV_7ef08007,ST015,2025-04-01 02:19:56,2025-04-01 10:56:25,85.2,37.4,88.69,11,43.7,3.97,4.64,normal_demand
EV_b1aff7ab,ST015,2025-04-01 02:20:38,2025-04-01 07:43:57,47.31,44.06,83.02,22,18.44,0.84,4.55,normal_demand
EV_2eb94b3f,ST001,2025-04-01 02:20:52,2025-04-01 10:37:07,74.26,21.23,88.38,7,49.86,7.12,1.15,normal_demand
EV_d7f6f9fa,ST016,2025-04-01 02:25:07,2025-04-01 08:30:43,56.13,50.89,93.05,50,23.66,0.47,5.62,normal_demand
EV_5cc4eab9,ST003,2025-04-01 02:25:36,2025-04-01 10:36:30,66.8,40.17,85.77,11,30.46,2.77,5.41,normal_demand
EV_7b2c8c8e,ST007,2025-04-01 02:26:07,2025-04-01 09:59:14,52.56,42.04,85.6,11,22.9,2.08,5.47,normal_demand
EV_4918bf45,ST010,2025-04-01 02:28:29,2025-04-01 07:48:27,44.55,37.71,86.81,7,21.88,3.13,2.21,normal_demand
EV_662e0d9a,ST010,2025-04-01 02:35:21,2025-04-01 05:42:21,32.86,54.71,87.92,7,10.91,1.56,1.56,normal_demand
EV_4e1d3f67,ST008,2025-04-01 02:38:28,2025-04-01 08:40:31,63.92,57.88,88.36,22,19.48,0.89,5.15,normal_demand
EV_d6418da1,ST004,2025-04-01 02:40:07,2025-04-01 06:35:50,59.31,59.92,91.61,7,18.8,2.69,1.24,normal_demand
EV_4b47c91c,ST005,2025-04-01 02:43:24,2025-04-01 05:56:56,48.05,58.78,84.25,7,12.24,1.75,1.48,normal_demand
EV_53acd95d,ST005,2025-04-01 02:46:51,2025-04-01 04:34:49,48.08,37.33,95.44,50,27.94,0.56,1.24,normal_demand
EV_260d92d1,ST017,2025-04-01 02:47:08,2025-04-01 07:07:31,42.35,47.4,93.73,50,19.62,0.39,3.95,normal_demand
EV_53718975,ST012,2025-04-01 02:48:34,2025-04-01 06:40:22,48.05,13.24,97.77,22,40.62,1.85,2.02,normal_demand
EV_d1479b7d,ST007,2025-04-01 02:49:14,2025-04-01 11:49:31,35.8,15.92,99.88,7,30.05,4.29,4.71,normal_demand
EV_5bb66454,ST005,2025-04-01 02:50:09,2025-04-01 08:48:19,46.18,44.44,96.45,7,24.01,3.43,2.54,normal_demand
EV_6a9ecd30,ST012,2025-04-01 02:51:05,2025-04-01 07:45:53,81.66,49.28,88.04,11,31.65,2.88,2.04,normal_demand
EV_14bb09ef,ST013,2025-04-01 02:52:12,2025-04-01 08:15:20,39.72,44.62,95.51,50,20.21,0.4,4.98,normal_demand
EV_32452a85,ST015,2025-04-01 02:52:36,2025-04-01 11:06:27,65.82,43.25,91.2,7,31.56,4.51,3.72,normal_demand
EV_26aec04d,ST007,2025-04-01 02:55:44,2025-04-01 09:55:40,96.78,45.45,97.01,11,49.9,4.54,2.46,normal_demand
EV_4a2af1e6,ST014,2025-04-01 03:02:58,2025-04-01 08:10:39,31.27,12.08,80.11,22,21.27,0.97,4.16,normal_demand
EV_d697827d,ST002,2025-04-01 03:18:01,2025-04-01 09:39:22,90.59,44.75,90.25,11,41.22,3.75,2.61,normal_demand
EV_c09050fd,ST005,2025-04-01 03:20:52,2025-04-01 10:54:22,56.66,56.72,91.2,7,19.54,2.79,4.77,normal_demand
EV_7596493f,ST004,2025-04-01 03:21:43,2025-04-01 12:30:40,47.39,14.9,97.85,7,39.31,5.62,3.53,normal_demand
EV_b81e32f6,ST019,2025-04-01 03:22:55,2025-04-01 12:15:17,57.46,43.38,84.03,7,23.36,3.34,5.54,normal_demand
EV_22a11dbe,ST009,2025-04-01 03:25:54,2025-04-01 08:01:03,39.75,39.0,92.06,11,21.09,1.92,2.67,normal_demand
EV_140ae2cf,ST014,2025-04-01 03:28:38,2025-04-01 11:48:18,71.08,23.16,94.24,11,50.53,4.59,3.73,normal_demand
EV_5c985e68,ST008,2025-04-01 03:44:37,2025-04-01 08:41:26,41.38,29.94,95.19,11,27.0,2.45,2.49,normal_demand
EV_d0296455,ST017,2025-04-01 03:44:40,2025-04-01 08:56:20,77.93,29.01,85.44,22,43.98,2.0,3.2,normal_demand
EV_1f74592b,ST010,2025-04-01 03:45:16,2025-04-01 07:37:16,33.83,41.23,88.44,7,15.97,2.28,1.59,normal_demand
EV_16fe7216,ST020,2025-04-01 03:51:33,2025-04-01 09:50:27,77.71,42.51,98.22,50,43.29,0.87,5.12,normal_demand
EV_42f8b15f,ST008,2025-04-01 03:52:09,2025-04-01 13:49:46,85.96,42.54,84.04,7,35.67,5.1,4.86,normal_demand
EV_15fb6a6d,ST019,2025-04-01 03:52:44,2025-04-01 13:17:05,53.56,25.59,88.45,7,33.67,4.81,4.6,normal_demand
EV_fc85f57b,ST011,2025-04-01 03:54:37,2025-04-01 07:50:50,92.86,52.33,97.47,22,41.93,1.91,2.03,normal_demand
EV_cc0428cb,ST009,2025-04-01 04:04:04,2025-04-01 06:37:25,39.75,58.79,97.58,11,15.42,1.4,1.15,normal_demand
EV_19aad9ac,ST019,2025-04-01 04:05:33,2025-04-01 09:44:21,99.98,40.52,91.31,11,50.78,4.62,1.03,normal_demand
EV_407bcf26,ST018,2025-04-01 04:09:24,2025-04-01 06:25:38,42.46,31.97,81.6,22,21.08,0.96,1.31,normal_demand
EV_26c367fd,ST001,2025-04-01 04:09:32,2025-04-01 10:31:40,57.93,48.46,87.89,22,22.84,1.04,5.33,normal_demand
EV_5963f524,ST012,2025-04-01 04:11:05,2025-04-01 15:27:48,98.77,25.23,96.74,11,70.62,6.42,4.86,normal_demand
EV_ecac8fb0,ST010,2025-04-01 04:15:02,2025-04-01 12:54:44,56.39,30.71,84.79,7,30.5,4.36,4.31,normal_demand
EV_2d980117,ST010,2025-04-01 04:15:30,2025-04-01 14:11:56,46.67,22.33,92.02,7,32.53,4.65,5.29,normal_demand
EV_ccc0b9cb,ST015,2025-04-01 04:21:49,2025-04-01 07:49:32,33.17,19.79,90.65,22,23.5,1.07,2.39,normal_demand
EV_70c4c790,ST018,2025-04-01 04:24:06,2025-04-01 10:51:00,31.85,10.38,88.22,50,24.79,0.5,5.95,normal_demand
EV_9a603779,ST014,2025-04-01 04:26:11,2025-04-01 12:33:11,84.06,41.66,81.63,7,33.61,4.8,3.32,normal_demand
EV_2051a669,ST011,2025-04-01 04:28:35,2025-04-01 09:56:34,41.25,56.53,82.53,11,10.72,0.97,4.49,normal_demand
EV_d610df68,ST007,2025-04-01 04:28:39,2025-04-01 10:16:38,49.38,43.09,92.31,22,24.3,1.1,4.7,normal_demand
EV_1524d0a7,ST007,2025-04-01 04:30:53,2025-04-01 16:25:32,71.32,16.77,87.73,7,50.61,7.23,4.68,normal_demand
EV_0d8c4366,ST005,2025-04-01 04:41:08,2025-04-01 14:00:55,55.12,16.54,93.36,11,42.34,3.85,5.48,normal_demand
EV_49625fdb,ST014,2025-04-01 04:41:56,2025-04-01 18:35:21,90.32,16.59,86.86,7,63.48,9.07,4.82,normal_demand
EV_fbb2a100,ST017,2025-04-01 04:42:12,2025-04-01 07:53:46,32.01,30.55,88.24,11,18.47,1.68,1.51,normal_demand
EV_a73124a1,ST010,2025-04-01 04:46:09,2025-04-01 19:08:47,84.86,18.4,90.39,7,61.09,8.73,5.65,normal_demand
EV_a7d70c5a,ST004,2025-04-01 04:47:31,2025-04-01 08:04:07,59.04,24.24,94.62,22,41.55,1.89,1.39,normal_demand
EV_04fc3288,ST009,2025-04-01 05:05:46,2025-04-01 19:30:00,90.62,10.91,82.78,7,65.13,9.3,5.1,normal_demand
EV_fc7c7950,ST009,2025-04-01 05:10:46,2025-04-01 17:33:24,69.56,13.6,80.73,7,46.7,6.67,5.71,normal_demand
EV_de1425c9,ST020,2025-04-01 05:19:50,2025-04-01 13:26:18,92.66,27.38,80.25,11,49.0,4.45,3.65,normal_demand
EV_d8782b3a,ST008,2025-04-01 05:21:58,2025-04-01 09:21:54,69.65,26.73,89.51,22,43.73,1.99,2.01,normal_demand
EV_1bb4a70a,ST014,2025-04-01 05:22:56,2025-04-01 11:07:24,58.83,32.99,99.26,22,38.98,1.77,3.97,normal_demand
EV_34771d00,ST017,2025-04-01 05:26:09,2025-04-01 13:11:21,66.72,50.3,97.11,7,31.24,4.46,3.29,normal_demand
EV_e946e06d,ST004,2025-04-01 05:28:13,2025-04-01 12:53:46,73.28,18.77,99.68,11,59.29,5.39,2.04,normal_demand
EV_598ca745,ST011,2025-04-01 05:29:28,2025-04-01 10:19:39,65.24,21.69,85.54,11,41.66,3.79,1.05,normal_demand
EV_e9408bb3,ST003,2025-04-01 05:41:38,2025-04-01 11:44:56,95.07,59.74,86.1,7,25.05,3.58,2.48,normal_demand
EV_c4b3140d,ST012,2025-04-01 05:42:11,2025-04-01 11:21:43,75.21,29.85,89.01,22,44.5,2.02,3.64,normal_demand
EV_4bd9fafa,ST018,2025-04-01 05:44:58,2025-04-01 13:11:04,67.6,25.16,83.48,22,39.42,1.79,5.64,normal_demand
EV_ced95e86,ST007,2025-04-01 05:48:16,2025-04-01 07:58:32,43.09,48.24,93.3,22,19.42,0.88,1.29,normal_demand
EV_0cee971a,ST011,2025-04-01 05:48:33,2025-04-01 08:20:59,38.93,56.85,84.8,22,10.88,0.49,2.05,normal_demand
EV_f57e943d,ST010,2025-04-01 05:51:20,2025-04-01 13:17:38,88.93,13.11,89.38,11,67.82,6.17,1.27,normal_demand
EV_a69acd4f,ST018,2025-04-01 05:56:43,2025-04-01 12:35:45,61.66,24.64,81.02,11,34.76,3.16,3.49,normal_demand
EV_a27ca5c5,ST003,2025-04-01 05:58:58,2025-04-01 11:37:15,62.25,35.95,86.34,7,31.37,4.48,1.16,normal_demand
EV_f523672b,ST019,2025-04-01 06:00:20,2025-04-01 14:34:58,53.46,29.1,88.22,7,31.61,4.52,4.06,normal_demand
EV_8d14db9b,ST006,2025-04-01 06:02:33,2025-04-01 14:41:09,52.55,52.1,90.82,7,20.34,2.91,5.74,normal_demand
EV_78abd81a,ST009,2025-04-01 06:11:26,2025-04-01 18:09:46,95.06,16.63,93.06,7,72.66,10.38,1.59,normal_demand
EV_54b31576,ST017,2025-04-01 06:12:38,2025-04-01 11:45:01,73.27,58.15,97.2,22,28.62,1.3,4.24,normal_demand
EV_0ba34673,ST006,2025-04-01 06:21:53,2025-04-01 09:38:23,70.21,44.61,80.25,11,25.02,2.27,1.0,normal_demand
EV_4b153625,ST012,2025-04-01 06:29:59,2025-04-01 09:12:04,37.93,14.92,86.9,22,27.3,1.24,1.46,normal_demand
EV_dcf23a19,ST006,2025-04-01 06:30:44,2025-04-01 10:27:41,44.91,21.84,90.25,50,30.72,0.61,3.33,normal_demand
EV_701ebd09,ST008,2025-04-01 06:39:25,2025-04-01 15:55:56,49.05,40.51,95.24,7,26.84,3.83,5.44,normal_demand
EV_73314260,ST014,2025-04-01 06:41:15,2025-04-01 10:24:18,64.89,45.44,96.56,22,33.18,1.51,2.21,normal_demand
EV_c6d4b9e1,ST007,2025-04-01 06:43:06,2025-04-01 12:44:35,57.87,48.73,86.19,7,21.68,3.1,2.93,normal_demand
EV_1c731c8c,ST016,2025-04-01 06:44:18,2025-04-01 10:21:14,57.47,32.49,97.85,22,37.56,1.71,1.91,normal_demand
EV_3aeeb0d8,ST002,2025-04-01 06:44:32,2025-04-01 10:34:38,54.54,51.13,81.04,11,16.31,1.48,2.35,normal_demand
EV_1cece9e0,ST006,2025-04-01 06:44:35,2025-04-01 13:29:39,60.44,34.82,97.27,11,37.74,3.43,3.32,normal_demand
EV_5b2b6d1c,ST013,2025-04-01 06:45:52,2025-04-01 14:31:01,45.54,38.25,95.97,11,26.28,2.39,5.36,normal_demand
EV_2d8dc8b6,ST009,2025-04-01 06:46:07,2025-04-01 12:55:56,75.69,10.47,87.42,22,58.25,2.65,3.52,normal_demand
EV_1583d974,ST017,2025-04-01 06:50:10,2025-04-01 12:15:28,38.38,14.46,89.42,7,28.77,4.11,1.31,normal_demand
EV_af7b47c0,ST013,2025-04-01 06:51:25,2025-04-01 10:29:42,80.33,19.22,87.9,50,55.17,1.1,2.53,normal_demand
EV_75e3f54d,ST001,2025-04-01 06:52:37,2025-04-01 17:42:01,62.34,13.33,89.64,7,47.57,6.8,4.03,normal_demand
EV_cc1db86e,ST016,2025-04-01 06:57:14,2025-04-01 12:11:40,32.75,54.0,82.81,22,9.44,0.43,4.81,normal_demand
EV_df6cb589,ST001,2025-04-01 06:59:22,2025-04-01 14:17:53,40.53,56.35,93.28,7,14.97,2.14,5.17,normal_demand
EV_14fc568f,ST009,2025-04-01 07:00:41,2025-04-01 13:30:51,97.89,27.58,98.74,50,69.66,1.39,5.11,normal_demand
EV_005bb5e4,ST007,2025-04-01 07:02:13,2025-04-01 12:55:43,50.61,54.31,87.68,7,16.89,2.41,3.48,normal_demand
EV_e6d20f78,ST019,2025-04-01 07:02:46,2025-04-01 20:26:44,87.49,29.72,90.25,7,52.95,7.56,5.84,normal_demand
EV_4da1b28d,ST007,2025-04-01 07:04:00,2025-04-01 12:20:08,38.18,36.77,81.88,22,17.22,0.78,4.49,normal_demand
EV_0de54605,ST014,2025-04-01 07:13:15,2025-04-01 10:41:40,52.92,41.18,86.29,11,23.87,2.17,1.3,normal_demand
EV_8df3e363,ST017,2025-04-01 07:18:06,2025-04-01 15:16:27,56.35,42.37,86.95,7,25.12,3.59,4.38,normal_demand
EV_5b374b40,ST002,2025-04-01 07:18:38,2025-04-01 16:38:35,89.48,19.06,82.28,7,56.57,8.08,1.25,normal_demand
EV_3f063a7c,ST009,2025-04-01 07:27:48,2025-04-01 12:47:02,74.34,59.39,90.77,50,23.33,0.47,4.85,normal_demand
EV_7216ab18,ST008,2025-04-01 07:28:51,2025-04-01 13:05:38,37.95,50.3,81.35,7,11.78,1.68,3.93,normal_demand
EV_d9b7477b,ST006,2025-04-01 07:32:40,2025-04-01 10:56:43,42.39,21.33,83.16,22,26.21,1.19,2.21,normal_demand
EV_7dc703fe,ST017,2025-04-01 07:36:22,2025-04-01 18:32:54,53.44,22.06,96.59,7,39.83,5.69,5.25,normal_demand
EV_be84b407,ST011,2025-04-01 07:37:55,2025-04-01 13:33:59,55.93,38.11,99.34,22,34.25,1.56,4.38,normal_demand
EV_1f844ada,ST005,2025-04-01 07:39:19,2025-04-01 10:06:28,40.93,37.11,85.51,22,19.81,0.9,1.55,normal_demand
EV_c18efa13,ST010,2025-04-01 07:39:48,2025-04-01 17:42:02,71.32,25.28,93.77,7,48.84,6.98,3.06,normal_demand
EV_e85013b0,ST015,2025-04-01 07:40:52,2025-04-01 12:24:35,59.5,47.29,93.54,11,27.52,2.5,2.23,normal_demand
EV_a2ba0643,ST002,2025-04-01 07:41:55,2025-04-01 13:54:36,47.22,20.43,92.68,22,34.12,1.55,4.66,normal_demand
EV_849441c5,ST015,2025-04-01 07:45:03,2025-04-01 14:52:35,94.79,19.26,92.34,22,69.27,3.15,3.98,normal_demand
EV_777e5c54,ST010,2025-04-01 07:45:24,2025-04-01 18:31:09,61.32,21.73,97.81,7,46.65,6.66,4.1,normal_demand
EV_ae5027e2,ST009,2025-04-01 07:48:15,2025-04-01 12:10:42,46.81,16.82,89.96,11,34.23,3.11,1.26,normal_demand
EV_ddbccdc4,ST006,2025-04-01 07:48:28,2025-04-01 12:35:07,73.42,55.0,90.91,11,26.36,2.4,2.38,normal_demand
EV_4fa49378,ST003,2025-04-01 07:48:34,2025-04-01 21:53:00,88.14,12.89,96.59,7,73.77,10.54,3.53,normal_demand
EV_6aac4d91,ST017,2025-04-01 07:53:16,2025-04-01 15:15:55,96.39,39.65,80.78,7,39.64,5.66,1.71,normal_demand
EV_298119f4,ST016,2025-04-01 07:56:29,2025-04-01 14:13:34,64.48,39.72,89.28,11,31.95,2.9,3.38,normal_demand
EV_5d8a589c,ST009,2025-04-01 08:06:09,2025-04-01 15:49:35,67.25,49.77,90.55,7,27.42,3.92,3.81,normal_demand
EV_3d139b71,ST019,2025-04-01 08:06:42,2025-04-01 14:21:31,67.99,55.09,87.24,22,21.86,0.99,5.25,normal_demand
EV_5e232e20,ST018,2025-04-01 08:08:12,2025-04-01 15:20:44,38.04,28.38,82.22,7,20.48,2.93,4.28,normal_demand
EV_85d3f65d,ST017,2025-04-01 08:10:45,2025-04-01 16:21:07,76.77,37.75,97.8,7,46.1,6.59,1.59,normal_demand
EV_dff531bf,ST016,2025-04-01 08:11:08,2025-04-01 12:47:04,87.2,27.3,86.11,50,51.27,1.03,3.57,normal_demand
EV_bb975626,ST013,2025-04-01 08:22:51,2025-04-01 16:23:22,72.74,13.41,88.94,22,54.94,2.5,5.51,normal_demand
EV_a2ddf760,ST016,2025-04-01 08:25:19,2025-04-01 14:43:55,74.34,42.12,86.28,11,32.83,2.98,3.33,normal_demand
EV_27cb8f51,ST008,2025-04-01 08:28:49,2025-04-01 11:30:28,36.41,42.85,89.85,11,17.11,1.56,1.47,normal_demand
EV_ed9604c0,ST015,2025-04-01 08:32:36,2025-04-01 11:05:36,45.72,59.0,85.15,11,11.96,1.09,1.46,normal_demand
EV_4a3b984f,ST011,2025-04-01 08:33:43,2025-04-01 15:32:27,31.02,23.74,89.18,11,20.3,1.85,5.13,normal_demand
EV_d94303f9,ST005,2025-04-01 08:36:11,2025-04-01 18:14:19,64.45,40.35,99.7,7,38.25,5.46,4.17,normal_demand
EV_5be474bd,ST001,2025-04-01 08:37:40,2025-04-01 15:54:10,53.95,28.79,84.75,11,30.18,2.74,4.53,normal_demand
EV_9654257d,ST007,2025-04-01 08:38:40,2025-04-01 15:55:07,72.8,44.01,90.33,11,33.72,3.07,4.21,normal_demand
EV_b63a3f2d,ST015,2025-04-01 08:43:37,2025-04-01 13:58:41,48.85,59.62,83.75,11,11.78,1.07,4.18,normal_demand
EV_3b263772,ST004,2025-04-01 08:47:33,2025-04-01 14:47:48,88.95,15.07,81.05,50,58.68,1.17,4.83,normal_demand
EV_8422e2ac,ST009,2025-04-01 08:49:30,2025-04-01 12:55:37,81.88,15.05,84.84,50,57.14,1.14,2.96,normal_demand
EV_5c41f42a,ST016,2025-04-01 08:49:36,2025-04-01 14:19:57,54.93,40.03,93.02,22,29.11,1.32,4.18,normal_demand
EV_d22f4dcd,ST017,2025-04-01 08:53:01,2025-04-01 14:56:27,65.19,10.55,99.91,22,58.25,2.65,3.41,normal_demand
EV_43501561,ST015,2025-04-01 08:53:43,2025-04-01 18:01:17,88.08,45.38,96.67,11,45.18,4.11,5.02,normal_demand
EV_8544be70,ST014,2025-04-01 08:55:42,2025-04-01 16:50:37,88.12,50.0,88.61,7,34.02,4.86,3.06,normal_demand
EV_a14ea28e,ST013,2025-04-01 08:58:56,2025-04-01 15:23:45,75.6,49.24,95.24,11,34.77,3.16,3.25,normal_demand
EV_148110fe,ST015,2025-04-01 08:59:20,2025-04-01 19:40:44,78.87,35.95,85.23,7,38.87,5.55,5.14,normal_demand
EV_45d3b36b,ST003,2025-04-01 08:59:26,2025-04-01 14:24:48,65.15,54.35,91.87,50,24.45,0.49,4.93,normal_demand
EV_bfbd3f6e,ST010,2025-04-01 08:59:48,2025-04-01 17:45:37,54.9,39.39,84.03,7,24.5,3.5,5.26,normal_demand
EV_9eb7f4f9,ST020,2025-04-01 09:00:50,2025-04-01 15:35:41,47.63,33.07,89.45,11,26.85,2.44,4.14,normal_demand
EV_5e7c1427,ST020,2025-04-01 09:01:48,2025-04-01 13:20:58,91.17,26.41,81.15,50,49.91,1.0,3.32,normal_demand
EV_223bcbd2,ST001,2025-04-01 09:14:32,2025-04-01 19:17:37,95.79,20.76,98.19,11,74.17,6.74,3.31,normal_demand
EV_c30de381,ST007,2025-04-01 09:15:59,2025-04-01 14:08:38,69.17,56.87,80.87,7,16.61,2.37,2.51,normal_demand
EV_dd0f6323,ST010,2025-04-01 09:16:53,2025-04-01 19:23:10,57.85,30.15,92.86,7,36.28,5.18,4.92,normal_demand
EV_e77b85b8,ST004,2025-04-01 09:18:57,2025-04-01 12:59:00,84.29,48.82,80.23,50,26.48,0.53,3.14,normal_demand
EV_3f066f09,ST018,2025-04-01 09:19:41,2025-04-01 16:44:15,79.29,27.67,81.25,22,42.48,1.93,5.48,normal_demand
EV_72638607,ST008,2025-04-01 09:20:27,2025-04-01 13:11:03,87.22,57.9,87.29,22,25.63,1.17,2.68,normal_demand
EV_f0bb6648,ST020,2025-04-01 09:26:03,2025-04-01 15:53:16,85.67,59.83,91.97,7,27.53,3.93,2.52,normal_demand
EV_46c80488,ST018,2025-04-01 09:33:50,2025-04-01 14:41:38,40.41,57.15,98.83,22,16.84,0.77,4.36,normal_demand
EV_4db6eca6,ST002,2025-04-01 09:48:53,2025-04-01 16:00:12,71.39,24.77,85.49,11,43.35,3.94,2.25,normal_demand
EV_50ee4868,ST017,2025-04-01 09:50:57,2025-04-01 18:11:19,44.44,13.38,97.14,7,37.23,5.32,3.02,normal_demand
EV_c6693660,ST005,2025-04-01 09:54:10,2025-04-01 18:32:41,89.9,30.07,83.34,7,47.88,6.84,1.8,normal_demand
EV_f50b17a7,ST005,2025-04-01 10:01:04,2025-04-01 17:01:08,79.93,47.81,83.24,22,28.33,1.29,5.71,normal_demand
EV_b2d17cc1,ST017,2025-04-01 10:04:13,2025-04-01 19:07:50,81.63,49.94,92.73,11,34.93,3.18,5.89,normal_demand
EV_f8e9e1d7,ST002,2025-04-01 10:10:52,2025-04-01 14:01:56,42.28,39.91,91.15,22,21.66,0.98,2.87,normal_demand
EV_b57acc35,ST009,2025-04-01 10:15:02,2025-04-01 18:13:38,55.82,44.5,93.36,11,27.27,2.48,5.5,normal_demand
EV_2fe08fa1,ST011,2025-04-01 10:15:39,2025-04-01 20:26:32,42.06,13.97,92.69,7,33.11,4.73,5.45,normal_demand
EV_2653100b,ST001,2025-04-01 10:16:35,2025-04-01 17:30:06,56.87,10.96,81.27,7,39.99,5.71,1.51,normal_demand
EV_4d136176,ST001,2025-04-01 10:17:45,2025-04-01 21:58:00,92.74,19.4,80.51,7,56.67,8.1,3.57,normal_demand
EV_5eedcb25,ST004,2025-04-01 10:22:00,2025-04-01 12:44:32,99.11,22.17,80.44,50,57.74,1.15,1.22,normal_demand
EV_4106eb54,ST001,2025-04-01 10:24:44,2025-04-01 17:07:47,97.27,40.65,87.1,22,45.18,2.05,4.66,normal_demand
EV_be983d9d,ST003,2025-04-01 10:32:07,2025-04-01 20:29:14,98.94,43.02,90.15,7,46.63,6.66,3.29,normal_demand
EV_ce2289a2,ST008,2025-04-01 10:33:49,2025-04-01 15:41:17,39.04,36.26,85.02,7,19.04,2.72,2.41,normal_demand
EV_420e396e,ST009,2025-04-01 10:35:48,2025-04-01 14:38:19,48.81,39.41,82.32,7,20.94,2.99,1.05,normal_demand
EV_9efa3aeb,ST017,2025-04-01 10:45:45,2025-04-01 12:59:00,60.53,46.1,99.28,50,32.19,0.64,1.58,normal_demand
EV_802dac2f,ST015,2025-04-01 10:54:32,2025-04-01 17:27:56,37.46,32.91,98.88,11,24.71,2.25,4.31,normal_demand
EV_b486827f,ST006,2025-04-01 10:56:08,2025-04-01 19:52:03,85.96,48.28,85.72,7,32.18,4.6,4.33,normal_demand
EV_a689b83a,ST008,2025-04-01 10:56:44,2025-04-01 16:24:18,88.68,34.29,88.38,50,47.96,0.96,4.5,normal_demand
EV_692356e7,ST018,2025-04-01 10:59:53,2025-04-01 20:44:39,66.71,18.87,85.9,11,44.71,4.06,5.68,normal_demand
EV_3bc6fe2f,ST006,2025-04-01 11:07:43,2025-04-01 19:15:10,55.27,47.57,90.23,11,23.58,2.14,5.98,normal_demand
EV_242e6941,ST001,2025-04-01 11:10:27,2025-04-01 21:06:33,70.84,41.83,99.43,7,40.8,5.83,4.11,normal_demand
EV_55679c22,ST020,2025-04-01 11:14:52,2025-04-01 17:29:42,33.29,31.06,92.52,11,20.46,1.86,4.39,normal_demand
EV_8468cca2,ST001,2025-04-01 11:19:59,2025-04-01 19:06:15,40.63,45.88,87.61,7,16.96,2.42,5.35,normal_demand
EV_07068d48,ST002,2025-04-01 11:21:47,2025-04-01 16:12:40,76.45,31.6,81.42,11,38.08,3.46,1.39,normal_demand
EV_0d0bbd1b,ST015,2025-04-01 11:22:48,2025-04-01 18:41:57,70.64,56.4,82.42,7,18.38,2.63,4.69,normal_demand
EV_a313953c,ST003,2025-04-01 11:44:48,2025-04-01 20:01:46,82.18,28.01,96.52,11,56.3,5.12,3.16,normal_demand
EV_f022f48e,ST005,2025-04-01 11:47:55,2025-04-01 16:48:14,30.92,28.61,95.02,7,20.53,2.93,2.07,normal_demand
EV_29dc7435,ST018,2025-04-01 11:49:13,2025-04-01 22:52:18,66.61,31.3,97.05,7,43.79,6.26,4.8,normal_demand
EV_1896ddfa,ST005,2025-04-01 11:49:22,2025-04-01 16:57:08,56.82,56.66,82.78,50,14.85,0.3,4.83,normal_demand
EV_8f8448a7,ST008,2025-04-01 11:51:03,2025-04-01 18:15:03,63.18,38.92,95.86,7,35.97,5.14,1.26,normal_demand
EV_39e3fe64,ST003,2025-04-01 11:51:57,2025-04-02 00:41:40,85.99,27.77,89.17,7,52.79,7.54,5.29,normal_demand
EV_18ad4b10,ST001,2025-04-01 11:53:03,2025-04-01 17:45:52,72.43,15.34,91.22,22,54.96,2.5,3.38,normal_demand
EV_c98244ba,ST015,2025-04-01 11:56:02,2025-04-01 16:45:18,44.8,36.05,94.2,11,26.06,2.37,2.45,normal_demand
EV_b2a35f57,ST010,2025-04-01 12:02:11,2025-04-01 17:31:37,40.49,25.77,92.01,7,26.82,3.83,1.66,normal_demand
EV_743c8b7a,ST004,2025-04-01 12:03:47,2025-04-01 21:39:56,87.02,41.19,80.96,7,34.61,4.94,4.66,normal_demand
EV_90e6714b,ST001,2025-04-01 12:03:51,2025-04-01 15:48:51,77.54,51.3,87.16,11,27.8,2.53,1.22,normal_demand
EV_34893124,ST014,2025-04-01 12:04:30,2025-04-01 15:25:16,34.7,24.3,92.72,22,23.74,1.08,2.27,normal_demand
EV_bf760810,ST009,2025-04-01 12:07:33,2025-04-01 16:41:11,42.7,48.05,88.19,7,17.14,2.45,2.11,normal_demand
EV_8d044b24,ST017,2025-04-01 12:12:20,2025-04-01 15:22:17,36.21,27.75,93.92,50,23.96,0.48,2.69,normal_demand
EV_f844e12d,ST008,2025-04-01 12:15:28,2025-04-01 17:21:46,47.67,32.52,88.55,7,26.71,3.82,1.29,normal_demand
EV_1aea1672,ST016,2025-04-01 12:16:19,2025-04-01 21:54:32,85.81,49.35,99.01,11,42.62,3.87,5.76,normal_demand
EV_9d0e380a,ST001,2025-04-01 12:17:24,2025-04-01 15:30:04,35.62,53.4,83.5,11,10.72,0.97,2.24,normal_demand
EV_2b60fa82,ST006,2025-04-01 12:20:29,2025-04-01 17:02:09,49.14,25.36,99.63,22,36.49,1.66,3.04,normal_demand
EV_a3961fd3,ST011,2025-04-01 12:23:28,2025-04-01 18:31:01,95.41,43.07,81.74,22,36.9,1.68,4.45,normal_demand
EV_a463e3c5,ST019,2025-04-01 12:26:23,2025-04-01 19:25:29,82.08,34.41,88.87,11,44.7,4.06,2.92,normal_demand
EV_db3b8751,ST019,2025-04-01 12:27:03,2025-04-01 16:36:19,67.28,29.97,81.59,22,34.73,1.58,2.58,normal_demand
EV_720ae392,ST020,2025-04-01 12:28:53,2025-04-01 22:29:12,77.01,37.51,94.16,7,43.62,6.23,3.77,normal_demand
EV_44840ed8,ST020,2025-04-01 12:32:01,2025-04-02 02:00:43,91.05,14.24,80.15,7,60.01,8.57,4.9,normal_demand
EV_5d4a5bc7,ST001,2025-04-01 12:32:44,2025-04-01 23:19:22,76.73,23.71,91.55,7,52.06,7.44,3.34,normal_demand
EV_feb1dffc,ST014,2025-04-01 12:33:15,2025-04-01 19:03:18,71.78,52.1,95.88,11,31.43,2.86,3.64,normal_demand
EV_0c18d3e1,ST007,2025-04-01 12:35:38,2025-04-01 17:26:29,86.74,54.9,98.0,11,37.38,3.4,1.45,normal_demand
EV_3c6c8de1,ST018,2025-04-01 12:39:53,2025-04-01 18:36:03,32.18,24.94,90.67,7,21.15,3.02,2.91,normal_demand
EV_54f7a2b1,ST003,2025-04-01 12:42:41,2025-04-01 20:48:33,83.86,40.31,95.77,7,46.51,6.64,1.45,normal_demand
EV_76a06004,ST020,2025-04-01 12:45:09,2025-04-01 17:48:16,40.68,46.88,91.44,50,18.13,0.36,4.69,normal_demand
EV_d4ef51d8,ST006,2025-04-01 12:51:30,2025-04-01 18:08:21,46.61,34.85,96.83,22,28.89,1.31,3.97,normal_demand
EV_0c14a4c5,ST011,2025-04-01 12:56:39,2025-04-01 19:57:59,82.38,46.53,97.65,7,42.11,6.02,1.01,normal_demand
EV_157f09b8,ST017,2025-04-01 12:58:30,2025-04-01 22:22:42,70.34,27.66,90.25,7,44.03,6.29,3.11,normal_demand
EV_00ac4702,ST014,2025-04-01 13:01:24,2025-04-01 19:59:08,58.06,40.7,86.63,7,26.67,3.81,3.15,normal_demand
EV_ae6839b2,ST004,2025-04-01 13:01:28,2025-04-01 17:40:58,71.29,31.19,95.73,22,46.01,2.09,2.57,normal_demand
EV_6ed27a01,ST011,2025-04-01 13:05:41,2025-04-01 21:07:16,60.85,37.25,89.72,11,31.93,2.9,5.12,normal_demand
EV_860d8996,ST014,2025-04-01 13:07:15,2025-04-01 19:54:36,66.42,12.17,90.87,22,52.27,2.38,4.41,normal_demand
EV_e0c809ab,ST020,2025-04-01 13:10:10,2025-04-01 22:31:06,83.22,17.6,95.08,11,64.47,5.86,3.49,normal_demand
EV_1d03738f,ST004,2025-04-01 13:10:53,2025-04-02 04:11:06,86.2,20.28,98.15,7,67.12,9.59,5.41,normal_demand
EV_ba8b08fb,ST016,2025-04-01 13:11:19,2025-04-01 18:09:29,31.57,14.65,98.0,50,26.32,0.53,4.44,normal_demand
EV_674958fa,ST003,2025-04-01 13:17:33,2025-04-01 17:56:28,33.6,31.48,95.81,22,21.61,0.98,3.67,normal_demand
EV_391f227f,ST013,2025-04-01 13:18:16,2025-04-01 22:50:03,54.24,12.1,96.42,7,45.74,6.53,3.0,normal_demand
EV_b5282599,ST020,2025-04-01 13:19:29,2025-04-01 20:30:12,49.6,34.35,95.32,7,30.24,4.32,2.86,normal_demand
EV_4265b549,ST013,2025-04-01 13:21:47,2025-04-01 18:33:25,85.58,50.08,91.44,11,35.4,3.22,1.98,normal_demand
EV_83cf5930,ST017,2025-04-01 13:24:06,2025-04-02 00:00:27,76.55,21.03,99.33,11,59.94,5.45,5.16,normal_demand
EV_e56b55d3,ST003,2025-04-01 13:28:14,2025-04-01 18:48:26,54.2,15.21,90.47,11,40.79,3.71,1.63,normal_demand
EV_ba74415c,ST020,2025-04-01 13:38:21,2025-04-01 23:34:36,42.69,16.07,90.81,7,31.91,4.56,5.38,normal_demand
EV_fbddca42,ST017,2025-04-01 13:40:53,2025-04-02 00:38:44,92.57,15.49,86.34,7,65.59,9.37,1.59,normal_demand
EV_17aab18b,ST002,2025-04-01 13:45:45,2025-04-01 23:29:02,58.66,28.42,80.55,7,30.58,4.37,5.35,normal_demand
EV_558385fa,ST006,2025-04-01 13:48:40,2025-04-01 19:08:47,34.6,46.42,82.84,11,12.6,1.15,4.19,normal_demand
EV_f82cdb83,ST005,2025-04-01 13:50:44,2025-04-02 01:18:15,76.56,36.35,98.06,7,47.24,6.75,4.71,normal_demand
EV_04a23599,ST011,2025-04-01 13:52:43,2025-04-01 20:03:12,42.71,42.97,82.8,7,17.01,2.43,3.74,normal_demand
EV_ece60b25,ST003,2025-04-01 14:00:03,2025-04-01 19:31:44,57.25,29.19,91.39,11,35.61,3.24,2.29,normal_demand
EV_97b8985b,ST006,2025-04-01 14:00:27,2025-04-01 19:08:25,94.21,57.83,91.55,11,31.76,2.89,2.25,normal_demand
EV_f269a7cf,ST005,2025-04-01 14:01:24,2025-04-02 03:21:10,80.97,16.67,89.25,7,58.77,8.4,4.93,normal_demand
EV_5dc36070,ST002,2025-04-01 14:03:31,2025-04-01 18:00:07,63.04,33.03,81.33,11,30.45,2.77,1.18,normal_demand
EV_9371a6fb,ST016,2025-04-01 14:10:47,2025-04-01 23:12:47,96.31,35.92,83.92,7,46.23,6.6,2.43,normal_demand
EV_c5fcb7ef,ST008,2025-04-01 14:10:53,2025-04-01 22:33:34,49.96,50.87,86.5,7,17.8,2.54,5.84,normal_demand
EV_c2f04432,ST008,2025-04-01 14:13:04,2025-04-01 18:26:41,33.95,50.15,85.13,7,11.87,1.7,2.53,normal_demand
EV_c1971035,ST002,2025-04-01 14:20:58,2025-04-01 21:08:27,91.37,21.4,97.0,50,69.07,1.38,5.41,normal_demand
EV_03f09cbe,ST013,2025-04-01 14:22:04,2025-04-01 17:57:18,86.97,27.06,84.99,22,50.38,2.29,1.3,normal_demand
EV_be09ab35,ST014,2025-04-01 14:25:36,2025-04-01 23:37:05,96.49,40.4,81.31,7,39.47,5.64,3.55,normal_demand
EV_d5ef7801,ST019,2025-04-01 14:33:15,2025-04-01 21:18:53,34.44,31.98,94.8,11,21.63,1.97,4.79,normal_demand
EV_5ddf4d07,ST002,2025-04-01 14:34:51,2025-04-02 03:34:09,86.9,25.57,83.96,7,50.75,7.25,5.74,normal_demand
EV_b9a69cd3,ST011,2025-04-01 14:37:46,2025-04-01 21:09:06,71.55,16.39,89.19,22,52.09,2.37,4.15,normal_demand
EV_fde5f822,ST006,2025-04-01 14:40:52,2025-04-01 19:18:02,54.29,58.42,80.03,22,11.73,0.53,4.09,normal_demand
EV_e8994be0,ST013,2025-04-01 14:41:04,2025-04-01 21:38:35,71.59,13.01,99.27,11,61.75,5.61,1.35,normal_demand
EV_140addfd,ST001,2025-04-01 14:45:36,2025-04-01 21:34:42,40.62,32.72,95.48,7,25.49,3.64,3.18,normal_demand
EV_34ad5056,ST010,2025-04-01 14:46:49,2025-04-01 21:28:09,59.02,22.03,93.37,11,42.11,3.83,2.86,normal_demand
EV_23c58bcf,ST009,2025-04-01 14:50:14,2025-04-02 01:28:59,98.91,38.03,99.68,11,60.97,5.54,5.1,normal_demand
EV_9b6b328c,ST014,2025-04-01 14:52:59,2025-04-02 01:27:18,78.63,17.95,84.06,7,51.99,7.43,3.14,normal_demand
EV_2172ae2e,ST010,2025-04-01 14:56:57,2025-04-02 01:45:47,78.77,13.56,82.16,11,54.03,4.91,5.9,normal_demand
EV_da33e066,ST009,2025-04-01 14:57:32,2025-04-02 01:45:06,98.6,29.55,81.3,7,51.04,7.29,3.5,normal_demand
EV_d7015189,ST001,2025-04-01 15:01:14,2025-04-01 22:59:11,71.68,42.29,80.2,7,27.17,3.88,4.08,normal_demand
EV_3cc23b05,ST006,2025-04-01 15:03:41,2025-04-01 22:37:44,35.26,34.15,82.98,7,17.22,2.46,5.11,normal_demand
EV_43bc749a,ST007,2025-04-01 15:05:40,2025-04-01 18:19:00,31.38,41.81,98.33,50,17.74,0.35,2.87,normal_demand
EV_1dcd9e47,ST004,2025-04-01 15:06:20,2025-04-01 18:48:22,53.4,19.31,85.52,22,35.35,1.61,2.09,normal_demand
EV_fa6c36f3,ST004,2025-04-01 15:08:50,2025-04-01 18:06:42,41.46,40.76,86.0,11,18.75,1.7,1.26,normal_demand
EV_3dfa67bf,ST015,2025-04-01 15:09:50,2025-04-01 19:52:26,68.64,32.43,90.11,11,39.59,3.6,1.11,normal_demand
EV_1bd6fa9a,ST012,2025-04-01 15:10:31,2025-04-02 02:13:22,99.06,35.78,92.42,7,56.1,8.01,3.03,normal_demand
EV_4dc5555a,ST018,2025-04-01 15:11:39,2025-04-01 22:13:07,46.97,17.32,91.21,11,34.71,3.16,3.87,normal_demand
EV_907b4e94,ST009,2025-04-01 15:12:06,2025-04-02 01:33:27,91.15,26.65,93.09,11,60.56,5.51,4.85,normal_demand
EV_0fff60a5,ST018,2025-04-01 15:12:16,2025-04-01 20:43:01,72.4,55.97,87.05,7,22.5,3.21,2.3,normal_demand
EV_552cb2d8,ST019,2025-04-01 15:14:32,2025-04-02 00:38:59,35.97,16.08,93.57,7,27.88,3.98,5.42,normal_demand
EV_7d4ef8f9,ST014,2025-04-01 15:16:25,2025-04-01 21:05:23,49.5,26.17,90.66,50,31.92,0.64,5.18,normal_demand
EV_5fd17742,ST003,2025-04-01 15:17:53,2025-04-01 22:18:28,72.47,24.83,85.87,11,44.24,4.02,2.99,normal_demand
EV_667872dc,ST002,2025-04-01 15:18:04,2025-04-01 23:55:11,39.02,30.22,93.14,7,24.55,3.51,5.11,normal_demand
EV_5b46fd0e,ST009,2025-04-01 15:24:31,2025-04-01 21:04:04,67.28,58.29,99.54,22,27.75,1.26,4.4,normal_demand
EV_062f65a9,ST001,2025-04-01 15:25:05,2025-04-01 21:55:20,43.35,22.61,82.41,22,25.92,1.18,5.33,normal_demand
EV_9f5b6be5,ST011,2025-04-01 15:26:20,2025-04-01 23:08:17,61.73,42.81,88.44,7,28.17,4.02,3.68,normal_demand
EV_a045c0ff,ST018,2025-04-01 15:29:02,2025-04-01 19:10:06,58.73,49.5,84.54,11,20.58,1.87,1.81,normal_demand
EV_8c835648,ST008,2025-04-01 15:29:28,2025-04-01 22:03:42,60.74,28.39,81.58,50,32.31,0.65,5.92,normal_demand
EV_5dd4034b,ST006,2025-04-01 15:34:51,2025-04-02 00:17:58,72.22,30.5,97.61,11,48.47,4.41,4.31,normal_demand
EV_9a2813f0,ST004,2025-04-01 15:35:28,2025-04-01 18:10:33,38.7,59.18,97.46,11,14.81,1.35,1.24,normal_demand
EV_9edff11d,ST002,2025-04-01 15:35:56,2025-04-01 20:39:45,80.56,31.88,90.13,50,46.92,0.94,4.13,normal_demand
EV_9a8caa60,ST019,2025-04-01 15:38:49,2025-04-01 20:23:49,63.01,49.04,80.36,7,19.74,2.82,1.93,normal_demand
EV_7c04ec7a,ST002,2025-04-01 15:46:57,2025-04-01 22:22:45,95.68,17.11,94.07,50,73.64,1.47,5.12,normal_demand
EV_f0c5b954,ST009,2025-04-01 15:48:31,2025-04-01 20:15:22,44.69,53.07,92.25,11,17.51,1.59,2.86,normal_demand
EV_d66fa22b,ST002,2025-04-01 15:50:22,2025-04-01 18:14:18,68.97,53.1,98.77,50,31.5,0.63,1.77,normal_demand
EV_aa43c26e,ST017,2025-04-01 15:50:41,2025-04-01 20:07:55,53.34,40.75,92.16,22,27.42,1.25,3.04,normal_demand
EV_d6e10490,ST010,2025-04-01 15:54:01,2025-04-01 23:31:02,55.07,34.18,94.46,11,33.2,3.02,4.6,normal_demand
EV_cb000688,ST005,2025-04-01 15:55:26,2025-04-02 03:10:17,86.69,20.8,97.17,11,66.2,6.02,5.23,normal_demand
EV_4ec18186,ST017,2025-04-01 16:07:52,2025-04-01 23:43:09,49.86,37.69,82.84,7,22.51,3.22,4.37,normal_demand
EV_13a727ad,ST005,2025-04-01 16:08:25,2025-04-01 22:02:38,83.45,29.58,80.62,11,42.6,3.87,2.03,normal_demand
EV_113cb60f,ST008,2025-04-01 16:15:41,2025-04-01 20:32:53,42.14,29.03,93.73,11,27.26,2.48,1.81,normal_demand
EV_c02127e8,ST013,2025-04-01 16:23:31,2025-04-01 23:44:55,58.61,52.04,88.6,11,21.43,1.95,5.41,normal_demand
EV_2242d2d9,ST002,2025-04-01 16:25:17,2025-04-02 00:13:46,61.54,19.07,84.51,7,40.27,5.75,2.06,normal_demand
EV_853e4dcd,ST010,2025-04-01 16:34:57,2025-04-01 18:52:24,37.84,14.05,85.59,22,27.07,1.23,1.06,normal_demand
EV_5dacbc7d,ST008,2025-04-01 16:36:19,2025-04-02 00:02:22,71.69,13.07,96.1,11,59.53,5.41,2.02,normal_demand
EV_6ef1828e,ST010,2025-04-01 16:41:52,2025-04-02 03:30:12,83.96,50.13,97.54,7,39.81,5.69,5.12,normal_demand
EV_cfa08ed2,ST004,2025-04-01 16:42:12,2025-04-01 22:04:56,66.32,58.39,82.63,11,16.07,1.46,3.92,normal_demand
EV_9e837337,ST003,2025-04-01 16:42:16,2025-04-02 01:54:59,67.34,34.39,88.61,11,36.51,3.32,5.89,normal_demand
EV_7742444e,ST010,2025-04-01 16:43:18,2025-04-02 00:08:26,77.03,53.67,97.15,7,33.5,4.79,2.63,normal_demand
EV_71125f6b,ST004,2025-04-01 16:43:42,2025-04-02 03:56:06,83.37,46.87,91.83,7,37.49,5.36,5.85,normal_demand
EV_09ffe9a5,ST008,2025-04-01 16:49:23,2025-04-01 22:23:36,49.06,50.25,87.79,7,18.42,2.63,2.94,normal_demand
EV_442de547,ST019,2025-04-01 16:50:49,2025-04-02 06:14:19,80.4,22.73,92.68,7,56.24,8.03,5.36,normal_demand
EV_ede311a8,ST019,2025-04-01 16:51:34,2025-04-02 01:39:34,91.37,33.8,94.05,11,55.05,5.0,3.79,normal_demand
EV_3eac00a6,ST008,2025-04-01 16:52:20,2025-04-01 21:53:44,46.97,17.62,94.63,11,36.17,3.29,1.73,normal_demand
EV_9a342957,ST015,2025-04-01 16:53:16,2025-04-01 21:55:39,55.37,26.91,87.38,11,33.48,3.04,2.0,normal_demand
EV_404fa4a1,ST012,2025-04-01 16:56:59,2025-04-02 01:23:28,38.24,34.91,90.83,7,21.38,3.05,5.39,normal_demand
EV_9d574568,ST011,2025-04-01 16:57:52,2025-04-01 20:44:38,90.37,20.84,97.59,50,69.36,1.39,2.39,normal_demand
EV_22b48646,ST016,2025-04-01 16:59:37,2025-04-01 22:08:46,80.8,48.24,89.75,11,33.54,3.05,2.1,normal_demand
EV_dfc1f616,ST004,2025-04-01 17:05:32,2025-04-01 23:09:57,54.42,12.91,94.53,11,44.42,4.04,2.04,normal_demand
EV_ae3141f2,ST009,2025-04-01 17:07:04,2025-04-01 21:00:04,74.86,59.56,99.29,11,29.74,2.7,1.18,normal_demand
EV_b0547c7f,ST013,2025-04-01 17:09:01,2025-04-02 01:02:38,30.32,16.07,94.28,7,23.72,3.39,4.51,normal_demand
EV_a88f175f,ST019,2025-04-01 17:20:19,2025-04-02 02:48:11,91.4,54.33,91.86,7,34.31,4.9,4.56,normal_demand
EV_fb0b04fe,ST010,2025-04-01 17:25:22,2025-04-02 00:04:37,50.2,11.29,89.21,50,39.12,0.78,5.87,normal_demand
EV_7349ff1d,ST003,2025-04-01 17:25:34,2025-04-01 21:22:59,59.69,27.49,98.64,22,42.47,1.93,2.03,normal_demand
EV_cd6454f3,ST016,2025-04-01 17:28:37,2025-04-02 05:32:16,69.95,32.36,94.98,7,43.8,6.26,5.8,normal_demand
EV_2af3f8ec,ST015,2025-04-01 17:29:46,2025-04-02 06:29:45,96.47,14.79,97.41,11,79.71,7.25,5.75,normal_demand
EV_193e4b6a,ST005,2025-04-01 17:30:37,2025-04-01 20:38:22,35.31,44.76,82.11,11,13.19,1.2,1.93,normal_demand
EV_affe9229,ST009,2025-04-01 17:34:04,2025-04-01 22:59:23,51.67,11.28,98.13,22,44.87,2.04,3.38,normal_demand
EV_a497d084,ST009,2025-04-01 17:38:30,2025-04-02 00:29:59,85.99,18.0,86.38,11,58.8,5.35,1.51,normal_demand
EV_bdafec41,ST010,2025-04-01 17:42:34,2025-04-02 07:50:49,94.39,36.52,99.1,7,59.07,8.44,5.7,normal_demand
EV_16a8cc51,ST001,2025-04-01 17:46:42,2025-04-02 01:27:52,69.89,26.23,92.63,7,46.4,6.63,1.06,normal_demand
EV_6479070e,ST017,2025-04-01 17:54:18,2025-04-02 01:22:58,47.17,51.99,92.47,7,19.1,2.73,4.75,normal_demand
EV_11fa0461,ST008,2025-04-01 17:54:56,2025-04-01 23:00:58,97.55,44.75,85.63,11,39.88,3.63,1.48,normal_demand
EV_47f2e030,ST012,2025-04-01 18:00:53,2025-04-01 23:47:23,36.96,46.32,94.11,50,17.66,0.35,5.42,normal_demand
EV_db42020a,ST011,2025-04-01 18:01:15,2025-04-01 22:34:39,30.91,27.77,92.92,11,20.14,1.83,2.73,normal_demand
EV_abeb1d33,ST003,2025-04-01 18:03:25,2025-04-01 23:20:08,39.81,30.63,87.76,50,22.74,0.45,4.82,normal_demand
EV_e9632fe9,ST004,2025-04-01 18:04:51,2025-04-01 23:45:20,93.0,17.37,83.89,22,61.86,2.81,2.86,normal_demand
EV_d5159678,ST019,2025-04-01 18:06:32,2025-04-01 23:29:00,35.99,49.19,92.74,22,15.67,0.71,4.66,normal_demand
EV_1f0f900f,ST020,2025-04-01 18:07:59,2025-04-02 00:52:37,55.5,50.02,98.12,22,26.7,1.21,5.53,normal_demand
EV_2d8ade9a,ST009,2025-04-01 18:11:17,2025-04-01 21:38:01,61.67,40.09,81.19,22,25.34,1.15,2.29,normal_demand
EV_dbec3a2a,ST007,2025-04-01 18:15:31,2025-04-01 22:34:12,42.73,16.42,84.08,11,28.91,2.63,1.68,normal_demand
EV_48a9a84e,ST019,2025-04-01 18:16:34,2025-04-02 02:38:04,88.45,38.07,96.53,11,51.7,4.7,3.66,normal_demand
EV_9f36351b,ST013,2025-04-01 18:16:43,2025-04-02 01:44:18,55.42,25.28,86.96,22,34.18,1.55,5.91,normal_demand
EV_2e7288e4,ST018,2025-04-01 18:28:47,2025-04-02 02:06:59,95.25,45.82,84.38,7,36.73,5.25,2.39,normal_demand
EV_1c6f59d9,ST012,2025-04-01 18:30:11,2025-04-02 02:19:11,92.78,46.22,85.74,7,36.67,5.24,2.58,normal_demand
EV_12a614fc,ST009,2025-04-01 18:30:37,2025-04-02 04:28:00,40.3,11.18,84.78,7,29.65,4.24,5.72,normal_demand
EV_63c9b208,ST001,2025-04-01 18:32:01,2025-04-02 04:13:44,65.98,39.33,95.14,7,36.82,5.26,4.44,normal_demand
EV_8bfa049a,ST004,2025-04-01 18:36:11,2025-04-02 02:24:33,89.65,40.08,89.69,11,44.48,4.04,3.76,normal_demand
EV_985835d3,ST016,2025-04-01 18:38:02,2025-04-02 00:51:00,57.8,20.2,82.85,11,36.21,3.29,2.92,normal_demand
EV_26e78cdc,ST011,2025-04-01 18:39:05,2025-04-02 04:56:45,72.04,14.43,85.4,11,51.13,4.65,5.65,normal_demand
EV_34b81b38,ST002,2025-04-01 18:43:01,2025-04-02 01:09:13,63.68,37.48,87.61,7,31.92,4.56,1.88,normal_demand
EV_386b9f88,ST002,2025-04-01 18:50:39,2025-04-02 01:24:02,62.81,22.84,85.2,11,39.17,3.56,3.0,normal_demand
EV_93d76a46,ST001,2025-04-01 18:57:03,2025-04-02 04:48:22,64.12,10.16,80.47,11,45.08,4.1,5.76,normal_demand
EV_081b304e,ST017,2025-04-01 18:59:52,2025-04-02 02:00:09,90.79,44.78,83.2,7,34.88,4.98,2.02,normal_demand
EV_fd8e541f,ST006,2025-04-01 19:04:31,2025-04-02 02:13:17,41.5,25.31,94.86,22,28.86,1.31,5.83,normal_demand
EV_3741a371,ST009,2025-04-01 19:05:04,2025-04-02 06:25:55,61.56,18.71,82.28,7,39.13,5.59,5.76,normal_demand
EV_087dd5d8,ST008,2025-04-01 19:05:56,2025-04-02 00:36:22,74.88,52.04,81.42,11,22.0,2.0,3.51,normal_demand
EV_e025a20a,ST004,2025-04-01 19:09:32,2025-04-02 03:31:21,46.05,44.41,94.87,7,23.24,3.32,5.04,normal_demand
EV_5fee087a,ST017,2025-04-01 19:15:09,2025-04-02 04:31:06,60.62,14.78,85.17,7,42.68,6.1,3.17,normal_demand
EV_80c917b7,ST013,2025-04-01 19:17:00,2025-04-02 00:13:38,42.5,33.08,91.64,7,24.89,3.56,1.39,normal_demand
EV_e4ad9c27,ST001,2025-04-01 19:17:17,2025-04-01 23:53:25,34.28,59.71,88.81,7,9.97,1.42,3.18,normal_demand
EV_b4c305bc,ST003,2025-04-01 19:21:50,2025-04-02 02:07:07,47.02,59.59,93.77,11,16.07,1.46,5.29,normal_demand
EV_604e31a8,ST013,2025-04-01 19:22:42,2025-04-02 00:55:08,42.92,33.26,96.07,22,26.96,1.23,4.32,normal_demand
EV_ef35f8f7,ST010,2025-04-01 19:23:41,2025-04-01 23:20:59,35.72,26.22,97.88,11,25.6,2.33,1.63,normal_demand
EV_82b5e3be,ST006,2025-04-01 19:24:05,2025-04-02 03:48:30,96.13,16.09,86.99,11,68.15,6.2,2.21,normal_demand
EV_40e45d9a,ST005,2025-04-01 19:25:28,2025-04-02 00:15:28,37.74,32.97,82.08,11,18.54,1.69,3.15,normal_demand
EV_98dbce71,ST006,2025-04-01 19:26:33,2025-04-02 01:35:39,89.25,49.25,87.69,22,34.31,1.56,4.59,normal_demand
EV_a10968b3,ST010,2025-04-01 19:30:25,2025-04-01 22:27:37,44.45,49.43,88.81,22,17.5,0.8,2.16,normal_demand
EV_cc2f43ae,ST020,2025-04-01 19:32:50,2025-04-02 02:08:36,31.9,24.88,88.93,7,20.43,2.92,3.68,normal_demand
EV_304c8932,ST001,2025-04-01 19:34:15,2025-04-02 04:34:10,73.55,53.14,97.56,7,32.67,4.67,4.33,normal_demand
EV_01dbfe18,ST007,2025-04-01 19:36:47,2025-04-02 04:12:26,70.01,56.14,97.42,11,28.91,2.63,5.97,normal_demand
EV_59a84248,ST002,2025-04-01 19:37:56,2025-04-02 07:47:34,62.38,20.05,92.69,7,45.32,6.47,5.69,normal_demand
EV_efe23af3,ST008,2025-04-01 19:43:28,2025-04-01 23:17:01,94.0,51.25,86.81,22,33.42,1.52,2.04,normal_demand
EV_e5c06f86,ST001,2025-04-01 19:44:32,2025-04-02 01:32:07,65.41,35.61,84.14,11,31.74,2.89,2.91,normal_demand
EV_43a0df74,ST011,2025-04-01 19:50:05,2025-04-02 00:17:27,70.81,11.77,86.22,22,52.73,2.4,2.06,normal_demand
EV_1e97c675,ST011,2025-04-01 19:53:22,2025-04-01 22:58:13,39.55,49.03,96.13,22,18.63,0.85,2.23,normal_demand
EV_a1697d17,ST016,2025-04-01 19:58:43,2025-04-01 22:25:11,95.29,57.78,98.13,50,38.45,0.77,1.67,normal_demand
EV_f53fcd8d,ST019,2025-04-01 20:02:50,2025-04-01 22:52:03,40.7,52.57,99.58,22,19.13,0.87,1.95,normal_demand
EV_dca89d2c,ST016,2025-04-01 20:03:48,2025-04-02 06:24:08,90.89,14.11,99.86,11,77.94,7.09,3.25,normal_demand
EV_6fcd5c78,ST012,2025-04-01 20:16:37,2025-04-02 00:42:41,80.12,39.52,86.13,11,37.34,3.39,1.04,normal_demand
EV_eff0e6ec,ST010,2025-04-01 20:22:52,2025-04-02 07:50:24,81.16,21.96,82.25,7,48.93,6.99,4.47,normal_demand
EV_6ab47905,ST007,2025-04-01 20:25:38,2025-04-02 06:46:51,73.94,10.61,93.38,7,61.21,8.74,1.61,normal_demand
EV_daf430f7,ST002,2025-04-01 20:28:20,2025-04-02 04:06:02,73.7,16.86,82.3,11,48.23,4.38,3.24,normal_demand
EV_07591285,ST007,2025-04-01 20:31:51,2025-04-02 08:19:13,94.04,16.4,89.12,7,68.39,9.77,2.02,normal_demand
EV_4d377676,ST014,2025-04-01 20:33:20,2025-04-02 02:34:23,82.5,50.8,98.27,11,39.16,3.56,2.46,normal_demand
EV_d1cdb4c4,ST012,2025-04-01 20:36:06,2025-04-02 02:12:13,50.52,40.8,83.09,11,21.37,1.94,3.66,normal_demand
EV_693b8cd6,ST015,2025-04-01 20:39:27,2025-04-02 03:33:36,82.32,36.79,83.32,11,38.3,3.48,3.42,normal_demand
EV_0c9608d5,ST007,2025-04-01 20:42:52,2025-04-02 01:52:20,62.14,21.6,80.54,22,36.63,1.66,3.49,normal_demand
EV_8dda1b4c,ST005,2025-04-01 20:47:17,2025-04-02 01:24:40,87.58,36.68,95.53,22,51.54,2.34,2.28,normal_demand
EV_bdcba491,ST016,2025-04-01 20:48:35,2025-04-01 23:01:26,38.92,54.6,89.75,22,13.68,0.62,1.59,normal_demand
EV_0a77a634,ST016,2025-04-01 20:50:46,2025-04-02 03:50:34,50.8,28.11,80.79,11,26.76,2.43,4.56,normal_demand
EV_711db2e4,ST006,2025-04-01 20:54:54,2025-04-02 01:54:50,94.46,43.47,83.04,11,37.38,3.4,1.6,normal_demand
EV_eadc8a67,ST013,2025-04-01 21:03:22,2025-04-02 03:03:58,76.81,51.12,86.08,50,26.85,0.54,5.47,normal_demand
EV_1542891b,ST003,2025-04-01 21:03:25,2025-04-02 05:25:00,32.35,17.5,92.14,7,24.14,3.45,4.91,normal_demand
EV_f3f88fab,ST017,2025-04-01 21:03:33,2025-04-02 01:22:44,37.29,48.06,88.62,7,15.13,2.16,2.16,normal_demand
EV_01273f3b,ST001,2025-04-01 21:17:24,2025-04-01 23:05:33,40.81,58.16,90.93,22,13.37,0.61,1.19,normal_demand
EV_330148f4,ST009,2025-04-01 21:17:35,2025-04-01 23:51:35,38.96,31.41,96.44,50,25.34,0.51,2.06,normal_demand
EV_97f7266c,ST001,2025-04-01 21:18:17,2025-04-02 01:52:01,67.91,34.05,99.12,50,44.19,0.88,3.68,normal_demand
EV_578f13d5,ST003,2025-04-01 21:21:36,2025-04-02 04:50:20,78.58,11.92,85.09,11,57.49,5.23,2.25,normal_demand
EV_ac662ea0,ST014,2025-04-01 21:21:58,2025-04-02 05:44:44,87.34,46.48,87.51,11,35.84,3.26,5.12,normal_demand
EV_0feca996,ST018,2025-04-01 21:23:14,2025-04-02 03:42:28,45.05,35.9,94.44,11,26.37,2.4,3.92,normal_demand
EV_f387c297,ST019,2025-04-01 21:24:32,2025-04-01 23:52:19,44.11,50.7,85.94,50,15.55,0.31,2.15,normal_demand
EV_d233a05b,ST012,2025-04-01 21:25:17,2025-04-02 05:34:03,86.43,37.89,81.67,7,37.84,5.41,2.74,normal_demand
EV_3d7f6d5c,ST014,2025-04-01 21:28:33,2025-04-02 01:14:25,69.27,54.21,98.91,22,30.96,1.41,2.36,normal_demand
EV_1459c147,ST019,2025-04-01 21:29:33,2025-04-02 06:30:02,92.49,20.12,92.12,11,66.58,6.05,2.96,normal_demand
EV_9d2d3063,ST015,2025-04-01 21:30:22,2025-04-02 04:03:56,44.65,13.01,90.1,50,34.43,0.69,5.87,normal_demand
EV_8c4462c6,ST009,2025-04-01 21:31:50,2025-04-02 03:52:05,70.69,16.76,97.29,50,56.93,1.14,5.2,normal_demand
EV_511437a9,ST013,2025-04-01 21:31:59,2025-04-02 05:04:04,59.78,35.13,98.14,11,37.67,3.42,4.11,normal_demand
EV_fc01ad48,ST012,2025-04-01 21:33:55,2025-04-02 03:15:58,39.41,35.31,80.84,7,17.94,2.56,3.14,normal_demand
EV_12597cf8,ST020,2025-04-01 21:36:36,2025-04-02 05:48:29,65.53,29.93,93.41,7,41.6,5.94,2.26,normal_demand
EV_42e2f635,ST001,2025-04-01 21:37:40,2025-04-02 10:16:33,64.68,14.03,99.62,7,55.36,7.91,4.74,normal_demand
EV_cbaa3b87,ST019,2025-04-01 21:39:40,2025-04-02 05:04:24,31.86,10.26,81.43,7,22.67,3.24,4.17,normal_demand
EV_f7385a1e,ST001,2025-04-01 21:43:42,2025-04-02 00:24:06,42.73,18.24,91.17,50,31.17,0.62,2.05,normal_demand
EV_7b3a0c1c,ST001,2025-04-01 21:43:45,2025-04-02 04:01:20,48.16,26.35,99.76,11,35.36,3.21,3.08,normal_demand
EV_72069e73,ST015,2025-04-01 21:45:09,2025-04-02 06:02:56,94.01,46.78,86.95,11,37.76,3.43,4.86,normal_demand
EV_85b57bf5,ST010,2025-04-01 21:46:53,2025-04-02 00:02:13,38.44,13.47,95.87,50,31.68,0.63,1.62,normal_demand
EV_7d842123,ST006,2025-04-01 21:47:54,2025-04-02 00:24:28,36.08,11.81,86.7,22,27.03,1.23,1.38,normal_demand
EV_52759ac1,ST019,2025-04-01 21:49:25,2025-04-02 06:00:17,77.02,22.83,82.3,11,45.8,4.16,4.02,normal_demand
EV_4efb51d8,ST003,2025-04-01 21:55:03,2025-04-02 05:49:52,57.81,57.77,93.04,7,20.39,2.91,5.0,normal_demand
EV_2c648fce,ST010,2025-04-01 21:57:24,2025-04-02 01:55:02,82.33,48.47,91.66,22,35.56,1.62,2.34,normal_demand
EV_9a1af8cd,ST009,2025-04-01 22:07:29,2025-04-02 08:47:20,58.24,20.6,93.38,7,42.39,6.06,4.61,normal_demand
EV_f2d919cb,ST003,2025-04-01 22:11:33,2025-04-02 01:53:41,41.96,42.05,80.66,11,16.2,1.47,2.23,normal_demand
EV_d3982042,ST005,2025-04-01 22:16:46,2025-04-02 07:12:14,92.97,34.07,90.43,11,52.4,4.76,4.16,normal_demand
EV_8f493d72,ST012,2025-04-01 22:18:45,2025-04-02 04:56:22,73.95,36.65,83.68,7,34.78,4.97,1.66,normal_demand
EV_8fae9519,ST002,2025-04-01 22:20:17,2025-04-02 03:51:10,44.35,46.65,86.92,22,17.86,0.81,4.7,normal_demand
EV_48bc0a1e,ST020,2025-04-01 22:28:03,2025-04-02 03:55:44,73.41,57.98,90.35,7,23.76,3.39,2.07,normal_demand
EV_f0fc99f0,ST010,2025-04-01 22:28:53,2025-04-02 06:51:02,97.86,18.68,93.88,22,73.6,3.35,5.02,normal_demand
EV_5f8d6766,ST008,2025-04-01 22:32:52,2025-04-02 00:42:23,68.63,50.96,83.32,50,22.21,0.44,1.71,normal_demand
EV_d8f8a479,ST011,2025-04-01 22:33:55,2025-04-02 06:32:57,69.54,52.1,90.68,7,26.83,3.83,4.15,normal_demand
EV_bd5df811,ST002,2025-04-01 22:34:15,2025-04-02 04:22:47,62.39,51.38,95.89,22,27.77,1.26,4.55,normal_demand
EV_3d62cde4,ST013,2025-04-01 22:35:42,2025-04-02 03:26:31,58.05,59.23,91.54,22,18.76,0.85,3.99,normal_demand
EV_eacb2715,ST012,2025-04-01 22:37:47,2025-04-02 01:57:04,37.5,56.36,94.39,11,14.26,1.3,2.02,normal_demand
EV_ea1e21e3,ST019,2025-04-01 22:44:02,2025-04-02 03:32:44,30.77,35.86,86.05,7,15.44,2.21,2.61,normal_demand
EV_fbcaeb7a,ST017,2025-04-01 22:46:23,2025-04-02 10:38:29,68.88,23.63,99.44,7,52.22,7.46,4.41,normal_demand
EV_d9fc3a11,ST018,2025-04-01 22:48:05,2025-04-02 02:40:43,48.76,53.83,82.81,7,14.13,2.02,1.86,normal_demand
EV_a715a32a,ST003,2025-04-01 22:48:35,2025-04-02 05:55:52,47.25,31.84,91.77,7,28.32,4.05,3.08,normal_demand
EV_63aa94bf,ST013,2025-04-01 22:48:52,2025-04-02 04:35:58,73.69,59.82,89.71,7,22.03,3.15,2.64,normal_demand
EV_31099a09,ST013,2025-04-01 22:49:01,2025-04-02 05:48:51,67.53,33.96,84.94,11,34.43,3.13,3.87,normal_demand
EV_280851f2,ST009,2025-04-01 22:53:39,2025-04-02 04:35:14,51.1,46.68,80.69,22,17.38,0.79,4.9,normal_demand
EV_2295d3b5,ST004,2025-04-01 22:55:00,2025-04-02 01:54:58,67.62,42.2,96.48,50,36.7,0.73,2.27,normal_demand
EV_bfb02418,ST004,2025-04-01 23:04:06,2025-04-02 01:39:19,40.87,12.16,82.46,22,28.73,1.31,1.28,normal_demand
EV_3ca13c73,ST004,2025-04-01 23:05:31,2025-04-02 02:47:54,50.21,38.59,92.41,50,27.02,0.54,3.17,normal_demand
EV_7fde8655,ST017,2025-04-01 23:05:55,2025-04-02 02:14:45,31.4,37.0,96.38,22,18.65,0.85,2.3,normal_demand
EV_aa59778e,ST010,2025-04-01 23:06:12,2025-04-02 04:55:17,94.46,11.05,94.05,22,78.4,3.56,2.25,normal_demand
EV_3c894905,ST002,2025-04-01 23:07:02,2025-04-02 05:24:21,63.32,11.31,90.86,22,50.37,2.29,4.0,normal_demand
EV_2edc91ac,ST009,2025-04-01 23:07:36,2025-04-02 02:47:42,93.45,48.01,91.98,50,41.09,0.82,2.85,normal_demand
EV_095d13ae,ST010,2025-04-01 23:10:30,2025-04-02 10:02:32,83.83,30.68,92.17,7,51.55,7.36,3.5,normal_demand
EV_e3cf639e,ST019,2025-04-01 23:11:58,2025-04-02 10:54:02,68.05,22.99,96.63,7,50.11,7.16,4.54,normal_demand
EV_fd6e90f2,ST001,2025-04-01 23:15:47,2025-04-02 05:48:28,64.75,53.64,82.5,22,18.69,0.85,5.7,normal_demand
EV_eec3edf2,ST015,2025-04-01 23:16:12,2025-04-02 05:20:11,66.41,57.57,89.17,22,20.98,0.95,5.11,normal_demand
EV_7d7ef61f,ST011,2025-04-01 23:16:37,2025-04-02 05:58:15,95.58,51.58,99.28,22,45.59,2.07,4.62,normal_demand
EV_b96c5ef3,ST010,2025-04-01 23:16:40,2025-04-02 05:03:25,59.28,45.91,81.25,50,20.95,0.42,5.36,normal_demand
EV_b81cb4ca,ST011,2025-04-01 23:19:21,2025-04-02 03:14:06,56.41,56.35,97.16,11,23.02,2.09,1.82,normal_demand
EV_7b4f2269,ST007,2025-04-01 23:21:08,2025-04-02 04:13:41,39.78,35.47,86.03,7,20.11,2.87,2.0,normal_demand
EV_5f62b06c,ST010,2025-04-01 23:23:07,2025-04-02 16:51:49,96.52,12.85,99.61,7,83.74,11.96,5.52,normal_demand
EV_b92c6d51,ST010,2025-04-01 23:25:13,2025-04-02 03:12:59,81.55,48.73,87.94,22,31.97,1.45,2.34,normal_demand
EV_94b1bc26,ST008,2025-04-01 23:39:20,2025-04-02 05:11:11,60.22,14.38,82.01,11,40.72,3.7,1.83,normal_demand
EV_83c60824,ST014,2025-04-01 23:39:50,2025-04-02 02:55:39,39.58,32.01,85.19,11,21.05,1.91,1.35,normal_demand
EV_32d780b8,ST003,2025-04-01 23:40:08,2025-04-02 02:28:47,61.22,24.11,88.15,22,39.21,1.78,1.03,normal_demand
EV_6004b5b9,ST013,2025-04-01 23:40:45,2025-04-02 10:13:21,68.79,26.71,90.83,7,44.11,6.3,4.24,normal_demand
EV_f392c6f5,ST017,2025-04-01 23:41:07,2025-04-02 08:15:25,54.38,32.59,86.6,7,29.37,4.2,4.38,normal_demand
EV_8b2b6cce,ST015,2025-04-01 23:45:40,2025-04-02 03:15:33,51.82,52.22,92.04,22,20.64,0.94,2.56,normal_demand
EV_00dac02a,ST009,2025-04-01 23:46:19,2025-04-02 11:11:31,80.56,14.96,87.49,7,58.43,8.35,3.07,normal_demand
EV_1d6fd909,ST017,2025-04-01 23:49:52,2025-04-02 07:23:53,48.36,57.03,97.4,11,19.52,1.77,5.79,normal_demand
EV_42debf7e,ST019,2025-04-01 00:18:46,2025-04-01 11:26:33,52.52,59.1,81.13,11,11.57,1.05,10.08,evening_peak
EV_15199822,ST009,2025-04-01 00:20:14,2025-04-01 12:59:54,70.31,33.49,91.05,11,40.47,3.68,8.98,evening_peak
EV_3cca6295,ST011,2025-04-01 00:52:06,2025-04-01 14:38:51,77.13,42.82,94.09,11,39.55,3.6,10.18,evening_peak
EV_e2ec33ff,ST003,2025-04-01 01:16:57,2025-04-01 16:13:07,73.02,39.56,84.0,7,32.45,4.64,10.3,evening_peak
EV_027e1f3b,ST006,2025-04-01 01:20:45,2025-04-01 13:45:14,89.37,51.85,98.2,22,41.43,1.88,10.52,evening_peak
EV_f2ebd837,ST011,2025-04-01 01:48:52,2025-04-01 15:10:58,87.89,45.77,88.54,11,37.58,3.42,9.95,evening_peak
EV_bd7eb6e3,ST004,2025-04-01 01:54:30,2025-04-01 12:15:44,44.39,51.86,87.32,11,15.74,1.43,8.92,evening_peak
EV_ba33d176,ST015,2025-04-01 02:24:58,2025-04-01 15:22:34,30.63,39.19,87.6,11,14.83,1.35,11.61,evening_peak
EV_b68f69f0,ST002,2025-04-01 02:46:39,2025-04-01 12:34:41,64.03,54.39,87.0,50,20.88,0.42,9.38,evening_peak
EV_7854ccbe,ST003,2025-04-01 02:47:44,2025-04-01 20:51:48,85.65,10.76,99.25,11,75.79,6.89,11.18,evening_peak
EV_821a4aae,ST006,2025-04-01 02:48:55,2025-04-01 14:37:12,61.46,51.53,90.11,22,23.71,1.08,10.73,evening_peak
EV_80a1d711,ST006,2025-04-01 02:51:11,2025-04-01 18:42:32,52.34,29.93,94.39,7,33.74,4.82,11.04,evening_peak
EV_3c6e1123,ST013,2025-04-01 02:52:42,2025-04-01 16:19:46,61.3,21.9,87.94,22,40.48,1.84,11.61,evening_peak
EV_bba99227,ST008,2025-04-01 03:51:12,2025-04-01 14:19:47,64.93,58.08,80.4,7,14.49,2.07,8.41,evening_peak
EV_c85a3f33,ST020,2025-04-01 03:56:12,2025-04-01 15:18:56,41.43,52.78,80.48,7,11.48,1.64,9.74,evening_peak
EV_6ab95753,ST004,2025-04-01 04:08:10,2025-04-01 16:03:36,61.82,43.71,84.05,22,24.94,1.13,10.79,evening_peak
EV_1f727615,ST006,2025-04-01 04:39:23,2025-04-01 18:57:15,64.17,45.34,96.62,7,32.91,4.7,9.6,evening_peak
EV_83f24833,ST015,2025-04-01 04:40:58,2025-04-01 17:55:42,69.72,16.18,82.87,22,46.5,2.11,11.13,evening_peak
EV_523b4541,ST010,2025-04-01 04:50:37,2025-04-01 20:00:43,91.71,41.36,84.35,7,39.42,5.63,9.54,evening_peak
EV_cff9a53b,ST017,2025-04-01 05:46:42,2025-04-01 16:54:21,51.41,23.37,95.4,22,37.03,1.68,9.44,evening_peak
EV_d49e447f,ST002,2025-04-01 06:14:52,2025-04-02 00:07:00,95.92,25.58,97.27,11,68.77,6.25,11.62,evening_peak
EV_9f4fb06a,ST006,2025-04-01 06:26:02,2025-04-01 20:37:14,38.88,11.49,85.12,11,28.63,2.6,11.58,evening_peak
EV_4388fc68,ST010,2025-04-01 06:59:25,2025-04-02 01:26:30,77.26,26.78,96.9,7,54.17,7.74,10.71,evening_peak
EV_19578432,ST004,2025-04-01 07:03:19,2025-04-02 00:42:05,53.74,11.28,96.66,7,45.88,6.55,11.09,evening_peak
EV_9a64671b,ST009,2025-04-01 07:06:02,2025-04-02 00:13:31,80.1,12.37,92.05,7,63.83,9.12,8.01,evening_peak
EV_d4706ae8,ST002,2025-04-01 07:08:35,2025-04-01 21:17:02,88.81,52.39,83.81,11,27.9,2.54,11.6,evening_peak
EV_f5edc003,ST018,2025-04-01 07:22:54,2025-04-01 19:01:35,81.63,28.2,88.47,50,49.21,0.98,10.66,evening_peak
EV_2a5d28af,ST008,2025-04-01 07:36:56,2025-04-01 16:24:42,42.68,25.02,94.39,50,29.61,0.59,8.2,evening_peak
EV_385fd2da,ST015,2025-04-01 07:40:21,2025-04-01 21:10:28,59.94,14.78,84.91,11,42.04,3.82,9.68,evening_peak
EV_f17326cb,ST008,2025-04-01 07:53:24,2025-04-01 21:46:52,90.56,37.52,80.21,7,38.66,5.52,8.37,evening_peak
EV_d628b81a,ST017,2025-04-01 08:10:02,2025-04-01 21:42:07,49.31,33.55,95.54,11,30.56,2.78,10.76,evening_peak
EV_ac6c267d,ST016,2025-04-01 08:44:42,2025-04-01 20:07:44,32.51,53.67,97.91,22,14.38,0.65,10.73,evening_peak
EV_085b5b9e,ST005,2025-04-01 08:51:57,2025-04-01 21:01:28,77.41,47.91,99.12,50,39.64,0.79,11.37,evening_peak
EV_8f6938e1,ST016,2025-04-01 09:11:16,2025-04-01 23:12:08,43.87,31.63,87.21,7,24.38,3.48,10.53,evening_peak
EV_8c61b07b,ST017,2025-04-01 09:28:41,2025-04-01 22:23:31,67.17,45.02,92.14,7,31.65,4.52,8.39,evening_peak
EV_afd4517f,ST003,2025-04-01 09:30:49,2025-04-01 19:10:41,32.11,54.67,98.74,22,14.15,0.64,9.02,evening_peak
EV_df0b0131,ST009,2025-04-01 09:43:50,2025-04-01 22:45:34,74.74,15.27,86.74,22,53.42,2.43,10.6,evening_peak
EV_5d21f952,ST002,2025-04-01 10:44:21,2025-04-02 00:18:07,40.75,14.5,87.42,11,29.72,2.7,10.86,evening_peak
EV_561b6997,ST010,2025-04-01 11:22:10,2025-04-02 02:10:59,56.89,25.9,88.84,7,35.81,5.12,9.7,evening_peak
EV_ca064e9b,ST014,2025-04-01 11:25:50,2025-04-02 03:12:24,77.34,48.0,94.51,7,35.97,5.14,10.64,evening_peak
EV_252d8438,ST010,2025-04-01 11:32:09,2025-04-01 20:45:14,74.78,27.57,93.78,50,49.51,0.99,8.23,evening_peak
EV_48644bde,ST009,2025-04-01 11:44:03,2025-04-02 03:49:57,93.44,39.91,84.47,7,41.64,5.95,10.15,evening_peak
EV_25eff136,ST018,2025-04-01 11:47:30,2025-04-02 02:12:29,94.66,44.56,84.43,7,37.75,5.39,9.02,evening_peak
EV_bf52c3a1,ST010,2025-04-01 12:00:58,2025-04-01 23:48:21,91.95,24.01,91.28,50,61.85,1.24,10.55,evening_peak
EV_d5a0b208,ST003,2025-04-01 12:01:06,2025-04-02 03:43:06,89.74,31.7,84.31,7,47.21,6.74,8.96,evening_peak
EV_cbc12159,ST002,2025-04-01 12:08:57,2025-04-02 01:45:15,53.71,17.21,96.37,22,42.52,1.93,11.67,evening_peak
EV_8d878367,ST008,2025-04-01 12:10:11,2025-04-01 21:52:11,65.74,20.52,85.15,50,42.49,0.85,8.85,evening_peak
EV_2a681eec,ST007,2025-04-01 12:27:24,2025-04-02 00:08:57,32.17,40.68,93.44,50,16.97,0.34,11.35,evening_peak
EV_751d88b4,ST009,2025-04-01 12:28:34,2025-04-01 23:08:57,41.06,18.96,86.67,11,27.8,2.53,8.15,evening_peak
EV_c12b94bd,ST015,2025-04-01 13:10:06,2025-04-02 02:00:24,56.1,48.23,84.18,7,20.17,2.88,9.96,evening_peak
EV_c8df7a55,ST003,2025-04-01 13:21:35,2025-04-01 23:31:39,80.77,56.1,80.42,11,19.64,1.79,8.38,evening_peak
EV_ebb933c3,ST011,2025-04-01 13:23:49,2025-04-02 02:12:59,71.62,41.33,81.61,7,28.85,4.12,8.7,evening_peak
EV_5c2ccc27,ST015,2025-04-01 13:30:25,2025-04-02 01:48:57,49.53,47.92,84.96,22,18.34,0.83,11.48,evening_peak
EV_5e0c49d7,ST009,2025-04-01 13:32:33,2025-04-02 04:01:26,81.74,21.25,95.07,22,60.34,2.74,11.74,evening_peak
EV_bade3f9d,ST009,2025-04-01 13:38:08,2025-04-02 02:18:50,59.37,50.28,84.34,11,20.22,1.84,10.84,evening_peak
EV_a0d1f451,ST012,2025-04-01 13:41:23,2025-04-02 03:01:35,95.67,14.16,97.75,50,79.97,1.6,11.74,evening_peak
EV_dea3ade6,ST018,2025-04-01 13:48:22,2025-04-02 03:43:46,55.63,50.62,99.98,7,27.46,3.92,10.0,evening_peak
EV_289e2a2c,ST010,2025-04-01 13:49:50,2025-04-02 00:26:51,98.49,28.32,84.07,22,54.91,2.5,8.12,evening_peak
EV_6b0812ae,ST009,2025-04-01 14:02:36,2025-04-02 06:22:10,55.18,15.23,82.02,7,36.85,5.26,11.06,evening_peak
EV_bb1d9465,ST017,2025-04-01 14:12:39,2025-04-02 01:22:01,46.94,56.2,84.94,22,13.49,0.61,10.54,evening_peak
EV_bda60b94,ST009,2025-04-01 14:25:08,2025-04-02 03:12:38,57.88,50.57,99.37,11,28.25,2.57,10.22,evening_peak
EV_00919fcb,ST002,2025-04-01 14:40:55,2025-04-02 02:27:57,51.34,55.95,90.95,22,17.96,0.82,10.97,evening_peak
EV_c6334963,ST019,2025-04-01 15:27:13,2025-04-02 05:12:02,60.27,55.4,80.04,7,14.86,2.12,11.62,evening_peak
EV_ca2fda11,ST005,2025-04-01 16:17:59,2025-04-02 03:01:01,35.17,51.81,91.62,11,14.0,1.27,9.44,evening_peak
EV_3704459c,ST007,2025-04-01 16:29:13,2025-04-02 03:54:32,58.56,42.88,86.02,11,25.26,2.3,9.13,evening_peak
EV_22056789,ST001,2025-04-01 17:00:24,2025-04-02 05:43:04,36.87,47.49,85.44,7,14.0,2.0,10.71,evening_peak
EV_dc90997c,ST018,2025-04-01 17:00:54,2025-04-02 05:31:33,76.7,58.95,85.28,7,20.2,2.89,9.63,evening_peak
EV_932df15e,ST006,2025-04-01 17:00:55,2025-04-02 06:18:31,46.99,42.42,89.13,7,21.95,3.14,10.16,evening_peak
EV_e070bc6b,ST013,2025-04-01 17:00:58,2025-04-02 10:35:46,90.21,15.04,88.24,7,66.04,9.43,8.15,evening_peak
EV_4f3d9aaf,ST010,2025-04-01 17:01:18,2025-04-02 01:58:22,30.57,45.18,89.89,50,13.67,0.27,8.68,evening_peak
EV_35cd4368,ST002,2025-04-01 17:01:35,2025-04-02 07:58:01,63.6,12.97,92.57,11,50.62,4.6,10.34,evening_peak
EV_1242a097,ST006,2025-04-01 17:02:53,2025-04-02 03:50:29,44.94,34.62,99.02,11,28.94,2.63,8.16,evening_peak
EV_8f2265b7,ST014,2025-04-01 17:03:13,2025-04-02 05:37:16,78.35,20.84,93.8,50,57.17,1.14,11.42,evening_peak
EV_3a0b5963,ST007,2025-04-01 17:04:00,2025-04-02 06:40:42,54.49,15.81,85.32,11,37.87,3.44,10.17,evening_peak
EV_7e979ca9,ST002,2025-04-01 17:04:14,2025-04-02 06:04:47,87.35,26.24,86.9,11,52.98,4.82,8.19,evening_peak
EV_d87d9990,ST017,2025-04-01 17:04:21,2025-04-02 06:37:06,49.39,36.48,80.65,11,21.82,1.98,11.56,evening_peak
EV_f8b2062e,ST002,2025-04-01 17:04:40,2025-04-02 08:50:08,67.36,10.85,95.35,11,56.92,5.17,10.58,evening_peak
EV_53bb5df6,ST019,2025-04-01 17:05:13,2025-04-02 04:16:13,61.11,25.92,81.8,50,34.15,0.68,10.5,evening_peak
EV_ba5c8ae0,ST012,2025-04-01 17:05:42,2025-04-02 06:40:32,63.79,43.45,92.06,11,31.01,2.82,10.76,evening_peak
EV_0e0346ef,ST001,2025-04-01 17:05:51,2025-04-02 11:08:49,97.47,15.73,93.41,11,75.72,6.88,11.17,evening_peak
EV_a1093fc3,ST005,2025-04-01 17:07:00,2025-04-02 04:29:00,51.72,32.4,97.0,11,33.41,3.04,8.33,evening_peak
EV_2c4fb310,ST003,2025-04-01 17:07:25,2025-04-02 04:21:43,76.26,30.69,81.98,22,39.12,1.78,9.46,evening_peak
EV_5b98c597,ST020,2025-04-01 17:07:48,2025-04-02 03:59:20,61.19,39.16,84.23,11,27.57,2.51,8.35,evening_peak
EV_b02904ad,ST001,2025-04-01 17:07:55,2025-04-02 13:46:29,94.0,24.98,94.0,7,64.88,9.27,11.37,evening_peak
EV_5b49930f,ST018,2025-04-01 17:08:02,2025-04-02 05:47:52,74.07,37.93,89.48,11,38.18,3.47,9.19,evening_peak
EV_aed54637,ST016,2025-04-01 17:08:03,2025-04-02 07:23:14,83.52,28.21,80.87,11,43.98,4.0,10.25,evening_peak
EV_f6ac0d5e,ST011,2025-04-01 17:08:18,2025-04-02 03:13:07,66.54,54.56,83.68,50,19.38,0.39,9.69,evening_peak
EV_53954c42,ST018,2025-04-01 17:09:04,2025-04-02 05:47:06,54.79,32.63,86.78,11,29.66,2.7,9.94,evening_peak
EV_a8859555,ST013,2025-04-01 17:09:21,2025-04-02 07:36:07,78.57,19.9,97.72,22,61.14,2.78,11.67,evening_peak
EV_94f0f4af,ST005,2025-04-01 17:09:29,2025-04-02 04:56:01,93.18,58.52,99.61,50,38.29,0.77,11.01,evening_peak
EV_9707011c,ST004,2025-04-01 17:09:42,2025-04-02 09:55:37,70.14,17.46,98.27,7,56.68,8.1,8.67,evening_peak
EV_1282233b,ST015,2025-04-01 17:10:14,2025-04-02 08:56:15,87.52,22.76,83.03,7,52.75,7.54,8.23,evening_peak
EV_428ec278,ST020,2025-04-01 17:10:51,2025-04-02 06:02:34,52.04,47.17,82.73,11,18.5,1.68,11.18,evening_peak
EV_e078ee4c,ST019,2025-04-01 17:11:06,2025-04-02 05:26:59,67.58,50.31,86.54,7,24.48,3.5,8.77,evening_peak
EV_daafee04,ST015,2025-04-01 17:11:16,2025-04-02 10:34:00,88.09,27.99,84.72,7,49.97,7.14,10.24,evening_peak
EV_e7bc7db7,ST008,2025-04-01 17:11:28,2025-04-02 10:45:53,78.4,22.26,89.38,7,52.62,7.52,10.06,evening_peak
EV_0aeae797,ST011,2025-04-01 17:11:47,2025-04-02 08:01:12,51.69,21.18,88.03,7,34.56,4.94,9.89,evening_peak
EV_197f2804,ST006,2025-04-01 17:12:37,2025-04-02 05:56:07,74.64,55.66,90.55,7,26.04,3.72,9.0,evening_peak
EV_0c5d2d68,ST008,2025-04-01 17:12:38,2025-04-02 05:50:03,45.86,59.95,92.43,11,14.9,1.35,11.27,evening_peak
EV_6e9a21a7,ST003,2025-04-01 17:13:47,2025-04-02 08:36:54,87.7,42.44,84.56,7,36.94,5.28,10.11,evening_peak
EV_36a63e59,ST007,2025-04-01 17:13:47,2025-04-02 05:42:01,59.42,30.88,88.47,11,34.22,3.11,9.36,evening_peak
EV_05389a26,ST015,2025-04-01 17:13:57,2025-04-02 06:55:49,57.78,53.48,96.78,7,25.02,3.57,10.12,evening_peak
EV_1f9dc802,ST017,2025-04-01 17:14:18,2025-04-02 03:16:59,63.86,48.75,83.83,11,22.4,2.04,8.01,evening_peak
EV_4b105b5d,ST014,2025-04-01 17:14:27,2025-04-02 08:02:33,82.06,46.08,93.11,7,38.59,5.51,9.29,evening_peak
EV_eb9f0067,ST016,2025-04-01 17:14:41,2025-04-02 05:58:32,61.93,56.91,99.18,11,26.18,2.38,10.35,evening_peak
EV_2403b6fb,ST004,2025-04-01 17:14:51,2025-04-02 03:56:07,43.94,52.5,86.29,7,14.85,2.12,8.57,evening_peak
EV_cf45f7d6,ST004,2025-04-01 17:15:28,2025-04-02 02:37:23,32.55,50.87,83.14,22,10.5,0.48,8.89,evening_peak
EV_da26f036,ST013,2025-04-01 17:15:54,2025-04-02 03:36:42,44.52,55.75,92.85,11,16.52,1.5,8.85,evening_peak
EV_1d5075ee,ST004,2025-04-01 17:16:27,2025-04-02 06:21:40,86.74,16.18,98.28,22,71.21,3.24,9.85,evening_peak
EV_db64ef22,ST009,2025-04-01 17:16:48,2025-04-02 04:56:52,81.04,42.9,90.66,50,38.71,0.77,10.89,evening_peak
EV_b56eaad4,ST011,2025-04-01 17:16:54,2025-04-02 03:13:22,31.08,54.39,98.59,50,13.74,0.27,9.67,evening_peak
EV_1c061351,ST020,2025-04-01 17:17:02,2025-04-02 08:02:35,73.59,11.09,95.98,11,62.47,5.68,9.08,evening_peak
EV_09748c44,ST016,2025-04-01 17:18:29,2025-04-02 09:46:43,79.57,40.76,83.72,7,34.18,4.88,11.59,evening_peak
EV_1f862209,ST009,2025-04-01 17:18:30,2025-04-02 13:33:55,98.55,17.25,85.21,7,66.97,9.57,10.69,evening_peak
EV_c90b1633,ST014,2025-04-01 17:18:36,2025-04-02 04:35:49,67.63,10.27,81.5,22,48.18,2.19,9.1,evening_peak
EV_535fc7db,ST005,2025-04-01 17:18:43,2025-04-02 09:01:26,63.02,15.81,91.54,11,47.73,4.34,11.37,evening_peak
EV_ba3ed0c9,ST001,2025-04-01 17:19:00,2025-04-02 07:27:58,67.64,43.66,90.55,7,31.71,4.53,9.62,evening_peak
EV_ddb1cb6d,ST005,2025-04-01 17:19:14,2025-04-02 06:26:27,52.21,46.27,89.72,11,22.68,2.06,11.06,evening_peak
EV_9acb3daf,ST011,2025-04-01 17:19:14,2025-04-02 13:01:36,93.99,35.63,95.94,7,56.68,8.1,11.61,evening_peak
EV_d3f0ffa3,ST007,2025-04-01 17:20:42,2025-04-02 07:26:29,81.64,50.82,98.18,11,38.67,3.52,10.58,evening_peak
EV_5d04185a,ST013,2025-04-01 17:20:53,2025-04-02 03:58:45,52.38,56.06,86.7,7,16.05,2.29,8.34,evening_peak
EV_e52d3f7c,ST007,2025-04-01 17:21:44,2025-04-02 08:27:10,34.53,16.36,93.07,7,26.49,3.78,11.31,evening_peak
EV_e13ec5cf,ST008,2025-04-01 17:23:05,2025-04-02 08:55:19,75.44,46.54,97.44,7,38.4,5.49,10.05,evening_peak
EV_82939510,ST013,2025-04-01 17:24:00,2025-04-02 04:18:22,89.36,34.43,90.38,22,50.0,2.27,8.63,evening_peak
EV_e4f06731,ST002,2025-04-01 17:24:19,2025-04-02 02:09:42,37.26,41.96,100.0,50,21.62,0.43,8.32,evening_peak
EV_ae03ca8e,ST007,2025-04-01 17:25:17,2025-04-02 03:51:07,73.75,28.61,88.26,22,43.99,2.0,8.43,evening_peak
EV_28b0f383,ST019,2025-04-01 17:25:50,2025-04-02 05:33:25,36.55,30.56,81.04,7,18.45,2.64,9.49,evening_peak
EV_e0772ed5,ST001,2025-04-01 17:25:52,2025-04-02 03:44:23,88.88,38.56,88.19,22,44.11,2.0,8.3,evening_peak
EV_fcca4c75,ST008,2025-04-01 17:26:00,2025-04-02 07:24:23,75.5,16.0,90.42,22,56.19,2.55,11.42,evening_peak
EV_aeb04fa1,ST002,2025-04-01 17:26:58,2025-04-02 04:40:58,40.56,30.06,84.7,7,22.16,3.17,8.07,evening_peak
EV_edc1c21e,ST007,2025-04-01 17:28:38,2025-04-02 05:46:14,53.73,16.22,94.86,11,42.25,3.84,8.45,evening_peak
EV_1aca2c7c,ST017,2025-04-01 17:28:48,2025-04-02 12:15:40,99.94,13.95,92.47,11,78.47,7.13,11.65,evening_peak
EV_1d676589,ST009,2025-04-01 17:29:19,2025-04-02 08:28:29,36.3,20.45,96.45,7,27.59,3.94,11.04,evening_peak
EV_4b694e42,ST020,2025-04-01 17:29:32,2025-04-02 05:15:41,51.83,20.02,89.0,50,35.75,0.71,11.05,evening_peak
EV_e717bcc4,ST005,2025-04-01 17:29:35,2025-04-02 03:36:35,73.54,32.14,96.2,50,47.11,0.94,9.17,evening_peak
EV_1dd136f7,ST020,2025-04-01 17:29:53,2025-04-02 07:21:57,55.06,25.99,93.84,11,37.36,3.4,10.47,evening_peak
EV_261312ff,ST007,2025-04-01 17:30:28,2025-04-02 07:28:23,80.47,59.42,94.55,11,28.27,2.57,11.4,evening_peak
EV_00961396,ST018,2025-04-01 17:30:32,2025-04-02 05:12:38,43.65,54.95,88.52,7,14.66,2.09,9.61,evening_peak
EV_ab063981,ST005,2025-04-01 17:30:43,2025-04-02 05:03:36,85.27,34.69,88.2,22,45.62,2.07,9.47,evening_peak
EV_b5acd3a6,ST006,2025-04-01 17:30:53,2025-04-02 09:37:22,76.11,53.63,92.3,7,29.43,4.2,11.9,evening_peak
EV_f1e9b41e,ST002,2025-04-01 17:31:13,2025-04-02 06:02:25,58.39,15.72,92.66,50,44.92,0.9,11.62,evening_peak
EV_91a07c76,ST005,2025-04-01 17:31:17,2025-04-02 10:10:01,92.24,28.8,93.5,7,59.67,8.52,8.12,evening_peak
EV_0c4433cf,ST002,2025-04-01 17:31:44,2025-04-02 10:22:37,97.61,31.4,88.74,11,55.97,5.09,11.76,evening_peak
EV_6f5926fa,ST003,2025-04-01 17:32:33,2025-04-02 08:27:40,45.04,27.1,99.57,7,32.64,4.66,10.26,evening_peak
EV_3b583d8c,ST020,2025-04-01 17:32:40,2025-04-02 11:24:58,95.59,42.85,89.05,7,44.16,6.31,11.56,evening_peak
EV_ae9284d4,ST013,2025-04-01 17:32:51,2025-04-02 06:56:25,59.35,20.08,82.31,7,36.94,5.28,8.12,evening_peak
EV_ce250159,ST019,2025-04-01 17:33:14,2025-04-02 08:34:14,92.24,58.18,95.7,7,34.61,4.94,10.07,evening_peak
EV_e6d1401a,ST017,2025-04-01 17:34:03,2025-04-02 04:59:47,41.89,14.12,91.59,11,32.45,2.95,8.48,evening_peak
EV_c97f5706,ST015,2025-04-01 17:34:05,2025-04-02 05:52:15,63.08,15.93,88.09,11,45.52,4.14,8.16,evening_peak
EV_c0738a2a,ST013,2025-04-01 17:35:33,2025-04-02 04:21:53,97.38,34.16,93.43,22,57.72,2.62,8.15,evening_peak
EV_937960b9,ST015,2025-04-01 17:35:42,2025-04-02 03:47:48,56.26,43.31,93.75,22,28.38,1.29,8.91,evening_peak
EV_9e6bfc49,ST015,2025-04-01 17:35:44,2025-04-02 04:43:37,69.05,52.53,92.67,22,27.72,1.26,9.87,evening_peak
EV_c792ab15,ST019,2025-04-01 17:35:47,2025-04-02 05:22:19,31.02,39.27,99.35,7,18.64,2.66,9.11,evening_peak
EV_76e70ef8,ST009,2025-04-01 17:35:50,2025-04-02 08:23:22,64.29,47.82,84.77,7,23.75,3.39,11.4,evening_peak
EV_96c785f6,ST010,2025-04-01 17:36:36,2025-04-02 04:55:19,59.73,41.27,80.58,22,23.48,1.07,10.24,evening_peak
EV_51fe3e80,ST016,2025-04-01 17:36:50,2025-04-02 03:30:58,50.59,49.15,89.51,22,20.42,0.93,8.97,evening_peak
EV_2ef00a53,ST005,2025-04-01 17:37:05,2025-04-02 07:17:19,68.95,24.6,96.47,11,49.56,4.51,9.17,evening_peak
EV_9161732b,ST007,2025-04-01 17:37:14,2025-04-02 05:14:08,49.57,21.36,93.11,11,35.57,3.23,8.38,evening_peak
EV_01cc9710,ST006,2025-04-01 17:38:05,2025-04-02 05:01:48,63.2,52.56,85.0,7,20.5,2.93,8.47,evening_peak
EV_45fa429a,ST001,2025-04-01 17:38:36,2025-04-02 08:32:50,65.74,36.14,97.67,7,40.45,5.78,9.13,evening_peak
EV_0b6f8b4e,ST016,2025-04-01 17:38:44,2025-04-02 05:41:01,37.91,21.96,82.79,7,23.06,3.29,8.74,evening_peak
EV_077f3a8d,ST005,2025-04-01 17:39:02,2025-04-02 08:16:13,54.38,54.78,94.72,7,21.72,3.1,11.52,evening_peak
EV_59b8c8e4,ST020,2025-04-01 17:39:47,2025-04-02 05:42:57,55.2,36.89,87.53,7,27.95,3.99,8.06,evening_peak
EV_7be6dd12,ST013,2025-04-01 17:42:25,2025-04-02 07:21:43,76.2,25.35,94.89,11,52.99,4.82,8.84,evening_peak
EV_7ec687b3,ST007,2025-04-01 17:43:18,2025-04-02 08:30:42,48.31,41.6,83.0,7,20.0,2.86,11.93,evening_peak
EV_77ac355d,ST006,2025-04-01 17:43:48,2025-04-02 08:06:31,52.4,16.76,81.62,7,33.99,4.86,9.52,evening_peak
EV_8c0df4a0,ST017,2025-04-01 17:43:51,2025-04-02 04:19:22,48.51,56.24,89.15,11,15.97,1.45,9.14,evening_peak
EV_23d09da3,ST018,2025-04-01 17:44:09,2025-04-02 07:43:50,49.84,17.7,93.43,7,37.75,5.39,8.6,evening_peak
EV_e3ccb2d5,ST004,2025-04-01 17:45:21,2025-04-02 06:49:25,81.55,43.9,86.55,11,34.78,3.16,9.91,evening_peak
EV_bb647ff7,ST003,2025-04-01 17:45:21,2025-04-02 07:21:55,70.92,46.3,93.5,7,33.47,4.78,8.83,evening_peak
EV_9597bbb4,ST011,2025-04-01 17:45:47,2025-04-02 09:26:22,78.79,31.45,99.3,11,53.46,4.86,10.82,evening_peak
EV_93dff1a5,ST002,2025-04-01 17:45:54,2025-04-02 07:12:37,37.09,24.1,88.06,11,23.72,2.16,11.29,evening_peak
EV_41366b6c,ST006,2025-04-01 17:47:04,2025-04-02 10:28:17,91.86,23.56,95.76,11,66.32,6.03,10.66,evening_peak
EV_565fe20b,ST015,2025-04-01 17:47:12,2025-04-02 04:07:47,44.36,41.63,92.81,11,22.7,2.06,8.28,evening_peak
EV_058e5e06,ST010,2025-04-01 17:47:12,2025-04-02 11:57:48,91.39,18.69,94.52,11,69.3,6.3,11.88,evening_peak
EV_4fa181c6,ST013,2025-04-01 17:47:25,2025-04-02 02:51:10,43.29,46.57,81.17,22,14.98,0.68,8.38,evening_peak
EV_b152c899,ST018,2025-04-01 17:47:33,2025-04-02 13:46:06,86.06,23.32,95.49,7,62.11,8.87,11.1,evening_peak
EV_a35990fc,ST009,2025-04-01 17:48:49,2025-04-02 05:49:24,52.76,42.87,86.9,11,23.23,2.11,9.9,evening_peak
EV_ab5c1251,ST009,2025-04-01 17:49:36,2025-04-02 05:07:22,60.75,52.32,88.26,50,21.84,0.44,10.86,evening_peak
EV_68f2b479,ST003,2025-04-01 17:49:48,2025-04-02 04:34:43,46.52,32.04,95.24,11,29.4,2.67,8.08,evening_peak
EV_06f74723,ST004,2025-04-01 17:50:50,2025-04-02 04:56:34,64.98,58.65,92.99,22,22.32,1.01,10.08,evening_peak
EV_8b1483d0,ST012,2025-04-01 17:51:52,2025-04-02 08:02:02,86.09,46.39,90.47,7,37.94,5.42,8.75,evening_peak
EV_118c54b2,ST015,2025-04-01 17:52:15,2025-04-02 10:12:37,70.17,24.78,99.19,7,52.22,7.46,8.88,evening_peak
EV_ab2c2033,ST008,2025-04-01 17:52:27,2025-04-02 06:00:55,39.51,49.66,99.49,11,19.69,1.79,10.35,evening_peak
EV_9d28d0b1,ST014,2025-04-01 17:52:35,2025-04-02 06:09:10,54.31,26.1,86.81,22,32.97,1.5,10.78,evening_peak
EV_e6799b5c,ST015,2025-04-01 17:53:14,2025-04-02 12:32:44,86.56,35.44,89.66,7,46.93,6.7,11.95,evening_peak
EV_7be2d85b,ST005,2025-04-01 17:53:21,2025-04-02 06:12:28,43.94,21.47,82.4,11,26.77,2.43,9.88,evening_peak
EV_87b9aa0e,ST001,2025-04-01 17:53:36,2025-04-02 04:21:02,38.79,56.76,91.07,22,13.31,0.61,9.85,evening_peak
EV_cd6571c9,ST016,2025-04-01 17:53:38,2025-04-02 10:42:44,81.75,56.73,98.58,7,34.2,4.89,11.93,evening_peak
EV_fd25a1b1,ST003,2025-04-01 17:53:55,2025-04-02 06:00:08,83.85,56.22,82.98,7,22.44,3.21,8.9,evening_peak
EV_e8eca52f,ST020,2025-04-01 17:54:08,2025-04-02 03:09:42,33.21,58.2,82.91,22,8.21,0.37,8.89,evening_peak
EV_c13e8ebb,ST007,2025-04-01 17:54:19,2025-04-02 07:08:55,90.36,48.94,92.74,22,39.58,1.8,11.44,evening_peak
EV_6d70c2cd,ST004,2025-04-01 17:55:26,2025-04-02 08:24:52,64.64,45.74,94.48,11,31.5,2.86,11.63,evening_peak
EV_294c5b5b,ST019,2025-04-01 17:55:50,2025-04-02 10:24:10,88.99,30.57,96.85,11,58.99,5.36,11.11,evening_peak
EV_d13c55de,ST005,2025-04-01 17:56:05,2025-04-02 05:50:35,41.24,17.69,94.59,22,31.71,1.44,10.47,evening_peak
EV_e435a0f2,ST010,2025-04-01 17:56:53,2025-04-02 07:16:47,71.5,44.34,84.73,11,28.88,2.63,10.71,evening_peak
EV_a56867bd,ST001,2025-04-01 17:57:29,2025-04-02 07:45:04,62.05,36.57,88.08,11,31.96,2.91,10.89,evening_peak
EV_cbdaa062,ST019,2025-04-01 17:57:49,2025-04-02 08:17:29,50.98,41.71,91.05,7,25.15,3.59,10.73,evening_peak
EV_2fdc9012,ST019,2025-04-01 17:58:22,2025-04-02 04:35:48,93.39,51.73,85.68,22,31.71,1.44,9.18,evening_peak
EV_0d928a63,ST009,2025-04-01 17:58:49,2025-04-02 06:30:01,32.25,55.53,99.08,11,14.04,1.28,11.24,evening_peak
EV_2cfeac8a,ST010,2025-04-01 17:58:53,2025-04-02 07:39:14,61.15,25.7,80.29,11,33.38,3.03,10.64,evening_peak
EV_6d41f490,ST015,2025-04-01 17:58:57,2025-04-02 06:33:30,73.16,39.74,96.53,11,41.55,3.78,8.8,evening_peak
EV_75c5cbba,ST008,2025-04-01 17:59:06,2025-04-02 10:23:27,79.63,28.47,85.5,7,45.41,6.49,9.92,evening_peak
EV_7e03d2cc,ST006,2025-04-01 17:59:43,2025-04-02 06:43:04,60.3,55.38,98.77,7,26.17,3.74,8.98,evening_peak
EV_292add67,ST010,2025-04-01 17:59:53,2025-04-02 09:09:33,60.3,15.36,83.2,11,40.91,3.72,11.44,evening_peak
EV_756f8e2b,ST014,2025-04-01 18:00:12,2025-04-02 09:11:36,69.11,24.22,86.96,11,43.36,3.94,11.25,evening_peak
EV_ab519c43,ST003,2025-04-01 18:02:16,2025-04-02 06:37:53,33.46,33.14,83.09,11,16.71,1.52,11.07,evening_peak
EV_e1cd1755,ST015,2025-04-01 18:02:59,2025-04-02 08:57:50,93.55,21.34,88.56,11,62.88,5.72,9.2,evening_peak
EV_e86c1112,ST020,2025-04-01 18:03:03,2025-04-02 06:27:16,42.08,19.28,86.07,7,28.1,4.01,8.39,evening_peak
EV_f92f0179,ST013,2025-04-01 18:03:09,2025-04-02 06:46:49,73.61,34.55,99.61,11,47.89,4.35,8.37,evening_peak
EV_075f96c9,ST002,2025-04-01 18:03:51,2025-04-02 09:54:59,96.42,41.2,93.49,7,50.42,7.2,8.65,evening_peak
EV_c01fcb5e,ST014,2025-04-01 18:03:55,2025-04-02 09:56:03,76.73,53.08,92.87,7,30.53,4.36,11.51,evening_peak
EV_b5404eda,ST009,2025-04-01 18:04:02,2025-04-02 05:36:36,40.4,56.49,95.29,22,15.68,0.71,10.83,evening_peak
EV_288632b0,ST011,2025-04-01 18:05:30,2025-04-02 05:00:39,30.39,21.52,81.73,7,18.3,2.61,8.31,evening_peak
EV_912bba08,ST001,2025-04-01 18:06:28,2025-04-02 07:59:26,91.1,55.75,87.21,7,28.66,4.09,9.79,evening_peak
EV_316f468c,ST016,2025-04-01 18:07:26,2025-04-02 07:30:01,61.39,31.76,94.44,11,38.48,3.5,9.88,evening_peak
EV_bd64b706,ST014,2025-04-01 18:08:08,2025-04-02 12:44:00,73.82,14.39,91.84,7,57.17,8.17,10.43,evening_peak
EV_f28424d5,ST002,2025-04-01 18:09:22,2025-04-02 06:54:11,67.62,19.24,90.72,11,48.33,4.39,8.35,evening_peak
EV_a0f63992,ST011,2025-04-01 18:09:40,2025-04-02 04:54:31,62.34,47.12,86.13,11,24.32,2.21,8.54,evening_peak
EV_a836f7b5,ST012,2025-04-01 18:10:44,2025-04-02 03:47:46,57.49,48.69,95.8,22,27.09,1.23,8.39,evening_peak
EV_7d2585f5,ST001,2025-04-01 18:10:57,2025-04-02 06:13:43,33.98,50.39,88.26,50,12.87,0.26,11.79,evening_peak
EV_27142bcb,ST002,2025-04-01 18:11:05,2025-04-02 15:15:09,99.3,20.41,88.22,7,67.34,9.62,11.45,evening_peak
EV_f3ca9ba6,ST004,2025-04-01 18:11:51,2025-04-02 10:35:37,99.4,43.42,98.26,11,54.51,4.96,11.44,evening_peak
EV_31150265,ST018,2025-04-01 18:12:06,2025-04-02 04:43:03,49.1,17.06,97.29,50,39.39,0.79,9.73,evening_peak
EV_650918b1,ST014,2025-04-01 18:12:42,2025-04-02 08:22:12,42.93,43.03,86.19,7,18.53,2.65,11.51,evening_peak
EV_82a6850e,ST014,2025-04-01 18:12:47,2025-04-02 09:00:02,75.3,53.17,91.2,7,28.64,4.09,10.7,evening_peak
EV_3ff6ae6a,ST011,2025-04-01 18:12:53,2025-04-02 06:44:32,33.1,13.77,95.63,11,27.1,2.46,10.06,evening_peak
EV_0f40889f,ST014,2025-04-01 18:13:20,2025-04-02 06:19:44,90.95,40.44,82.72,11,38.45,3.5,8.61,evening_peak
EV_81bbb2e0,ST006,2025-04-01 18:13:41,2025-04-02 07:06:17,83.74,58.79,96.88,7,31.9,4.56,8.32,evening_peak
EV_1905876f,ST013,2025-04-01 18:13:50,2025-04-02 05:32:52,59.66,51.09,86.02,22,20.84,0.95,10.37,evening_peak
EV_a46b1436,ST001,2025-04-01 18:14:01,2025-04-02 04:54:05,32.31,10.28,89.38,22,25.56,1.16,9.51,evening_peak
EV_ef2a00c0,ST008,2025-04-01 18:14:09,2025-04-02 11:02:24,55.51,25.15,97.91,7,40.39,5.77,11.03,evening_peak
EV_fadb822d,ST013,2025-04-01 18:14:27,2025-04-02 06:08:22,45.77,16.72,92.27,22,34.58,1.57,10.33,evening_peak
EV_99d7a976,ST019,2025-04-01 18:15:30,2025-04-02 07:41:20,38.21,35.57,87.76,7,19.94,2.85,10.58,evening_peak
EV_c5f3671d,ST005,2025-04-01 18:15:51,2025-04-02 07:33:43,86.86,41.16,82.75,7,36.13,5.16,8.14,evening_peak
EV_b4ee97a3,ST007,2025-04-01 18:16:30,2025-04-02 07:28:27,53.78,37.92,94.5,7,30.43,4.35,8.85,evening_peak
EV_ea95a098,ST003,2025-04-01 18:16:40,2025-04-02 11:37:51,91.78,35.26,99.47,7,58.93,8.42,8.94,evening_peak
EV_6bda5caa,ST020,2025-04-01 18:17:04,2025-04-02 06:26:10,35.03,19.56,98.99,22,27.83,1.26,10.89,evening_peak
EV_1f0c4def,ST005,2025-04-01 18:17:26,2025-04-02 07:36:36,51.51,21.8,93.23,11,36.79,3.34,9.97,evening_peak
EV_b4be5535,ST007,2025-04-01 18:17:53,2025-04-02 07:22:25,78.17,40.57,98.59,22,45.35,2.06,11.01,evening_peak
EV_e2d4feb3,ST002,2025-04-01 18:18:01,2025-04-02 06:37:22,45.02,36.77,80.97,22,19.9,0.9,11.42,evening_peak
EV_78c1b135,ST007,2025-04-01 18:18:14,2025-04-02 07:32:22,78.29,40.28,92.82,22,41.14,1.87,11.37,evening_peak
EV_82aabb1c,ST015,2025-04-01 18:18:37,2025-04-02 09:37:05,89.05,17.65,84.14,11,59.21,5.38,9.92,evening_peak
EV_851e2e21,ST008,2025-04-01 18:18:55,2025-04-02 09:47:25,55.89,30.31,99.61,11,38.73,3.52,11.95,evening_peak
EV_b3050b35,ST005,2025-04-01 18:19:47,2025-04-02 08:25:16,62.7,42.61,92.12,7,31.04,4.43,9.66,evening_peak
EV_10747903,ST004,2025-04-01 18:19:53,2025-04-02 03:41:26,30.77,19.31,99.32,22,24.61,1.12,8.24,evening_peak
EV_d7a598ce,ST007,2025-04-01 18:20:06,2025-04-02 09:17:26,63.72,29.5,81.42,11,33.08,3.01,11.95,evening_peak
EV_721e0fc2,ST007,2025-04-01 18:20:08,2025-04-02 06:38:32,77.84,58.84,97.6,11,30.17,2.74,9.56,evening_peak
EV_8a7db0da,ST018,2025-04-01 18:20:14,2025-04-02 08:45:17,70.56,24.34,87.14,11,44.3,4.03,10.39,evening_peak
EV_0288a37f,ST013,2025-04-01 18:20:17,2025-04-02 10:29:54,99.91,22.42,88.8,11,66.31,6.03,10.13,evening_peak
EV_56bc034b,ST015,2025-04-01 18:20:28,2025-04-02 08:50:00,80.41,54.32,80.78,7,21.28,3.04,11.45,evening_peak
EV_e3459e8a,ST004,2025-04-01 18:21:42,2025-04-02 06:10:49,80.12,52.08,84.9,7,26.29,3.76,8.06,evening_peak
EV_93d37f08,ST010,2025-04-01 18:22:12,2025-04-02 05:44:35,50.22,56.4,87.05,7,15.39,2.2,9.17,evening_peak
EV_3d726ba8,ST004,2025-04-01 18:24:16,2025-04-02 03:46:26,38.52,54.88,82.44,50,10.62,0.21,9.16,evening_peak
EV_1a546315,ST008,2025-04-01 18:24:21,2025-04-02 12:41:49,83.73,27.37,97.51,7,58.73,8.39,9.9,evening_peak
EV_794bb4f0,ST001,2025-04-01 18:25:36,2025-04-02 06:03:20,36.42,44.72,98.24,7,19.49,2.78,8.84,evening_peak
EV_c17713b0,ST002,2025-04-01 18:26:17,2025-04-02 07:14:58,70.5,41.35,81.95,7,28.62,4.09,8.72,evening_peak
EV_b9681c44,ST019,2025-04-01 18:26:18,2025-04-02 09:19:54,93.43,28.44,81.42,11,49.5,4.5,10.39,evening_peak
EV_2371aa06,ST017,2025-04-01 18:26:38,2025-04-02 10:29:03,84.0,18.03,81.61,7,53.4,7.63,8.41,evening_peak
EV_482b171a,ST013,2025-04-01 18:27:14,2025-04-02 06:06:24,54.53,57.66,90.57,11,17.95,1.63,10.02,evening_peak
EV_9a3c4f42,ST011,2025-04-01 18:27:28,2025-04-02 10:13:57,89.54,48.03,89.58,7,37.2,5.31,10.46,evening_peak
EV_cdba134b,ST011,2025-04-01 18:27:38,2025-04-02 10:19:20,96.31,10.07,85.8,11,72.94,6.63,9.23,evening_peak
EV_25be0b5e,ST001,2025-04-01 18:27:58,2025-04-02 08:44:48,71.31,21.92,95.9,11,52.75,4.8,9.48,evening_peak
EV_f146a0b1,ST012,2025-04-01 18:28:10,2025-04-02 08:31:15,79.12,56.56,82.16,7,20.26,2.89,11.16,evening_peak
EV_194d1c93,ST016,2025-04-01 18:28:13,2025-04-02 11:25:27,71.86,30.66,84.31,7,38.55,5.51,11.45,evening_peak
EV_f4191641,ST001,2025-04-01 18:28:51,2025-04-02 09:58:29,89.97,29.92,98.14,11,61.38,5.58,9.91,evening_peak
EV_a05a74ed,ST008,2025-04-01 18:29:04,2025-04-02 05:06:20,40.19,48.8,93.98,11,18.16,1.65,8.97,evening_peak
EV_597d7965,ST010,2025-04-01 18:30:26,2025-04-02 05:07:35,45.79,33.99,81.3,11,21.66,1.97,8.65,evening_peak
EV_c0221abc,ST020,2025-04-01 18:30:36,2025-04-02 04:52:07,54.95,51.71,80.52,7,15.83,2.26,8.1,evening_peak
EV_50f825b5,ST002,2025-04-01 18:30:50,2025-04-02 10:19:52,81.77,22.96,92.74,11,57.05,5.19,10.63,evening_peak
EV_30c9d8b3,ST010,2025-04-01 18:31:30,2025-04-02 08:28:31,79.87,55.27,98.33,7,34.39,4.91,9.04,evening_peak
EV_e0d8e9d3,ST009,2025-04-01 18:31:51,2025-04-02 05:46:01,74.37,43.96,86.21,22,31.42,1.43,9.81,evening_peak
EV_046137e6,ST016,2025-04-01 18:32:57,2025-04-02 11:17:30,72.61,29.35,88.32,7,42.81,6.12,10.63,evening_peak
EV_03015503,ST006,2025-04-01 18:34:06,2025-04-02 06:58:47,66.91,21.72,86.85,11,43.58,3.96,8.45,evening_peak
EV_83204042,ST017,2025-04-01 18:34:32,2025-04-02 09:02:04,56.94,15.69,93.48,7,44.29,6.33,8.13,evening_peak
EV_f1668313,ST011,2025-04-01 18:34:35,2025-04-02 05:56:21,70.06,14.68,98.31,22,58.59,2.66,8.7,evening_peak
EV_bb307260,ST006,2025-04-01 18:35:08,2025-04-02 05:05:38,93.62,51.1,84.54,50,31.31,0.63,9.88,evening_peak
EV_15f10ad0,ST006,2025-04-01 18:35:41,2025-04-02 06:02:32,91.62,55.9,91.0,11,32.16,2.92,8.52,evening_peak
EV_99f1128c,ST018,2025-04-01 18:36:40,2025-04-02 07:14:02,93.25,38.27,88.33,11,46.68,4.24,8.38,evening_peak
EV_06946ad0,ST014,2025-04-01 18:37:02,2025-04-02 06:25:22,39.8,50.71,88.85,11,15.18,1.38,10.43,evening_peak
EV_9fad640f,ST014,2025-04-01 18:37:12,2025-04-02 05:52:15,78.81,44.1,86.12,22,33.12,1.51,9.75,evening_peak
EV_982f32f9,ST011,2025-04-01 18:37:24,2025-04-02 06:39:07,32.65,36.4,81.98,22,14.88,0.68,11.35,evening_peak
EV_fb0a75fe,ST005,2025-04-01 18:37:46,2025-04-02 10:33:37,82.81,52.2,86.31,7,28.24,4.03,11.9,evening_peak
EV_597f5146,ST018,2025-04-01 18:37:57,2025-04-02 09:23:23,76.04,47.48,90.12,7,32.42,4.63,10.13,evening_peak
EV_85d57ec1,ST009,2025-04-01 18:38:24,2025-04-02 03:58:37,60.68,42.83,83.61,22,24.75,1.12,8.21,evening_peak
EV_b4d2c9cc,ST020,2025-04-01 18:38:38,2025-04-02 07:20:11,88.74,57.21,83.16,7,23.03,3.29,9.4,evening_peak
EV_e9ccee5e,ST011,2025-04-01 18:39:24,2025-04-02 07:03:11,59.05,59.68,96.67,22,21.84,0.99,11.4,evening_peak
EV_e1aad063,ST014,2025-04-01 18:39:38,2025-04-02 05:49:14,59.19,55.33,90.32,22,20.71,0.94,10.22,evening_peak
EV_c54f027c,ST003,2025-04-01 18:40:08,2025-04-02 11:45:29,77.13,45.77,92.87,7,36.33,5.19,11.9,evening_peak
EV_c4fa1f33,ST003,2025-04-01 18:40:20,2025-04-02 06:39:39,95.66,32.11,82.19,22,47.91,2.18,9.81,evening_peak
EV_ba864924,ST020,2025-04-01 18:40:28,2025-04-02 08:25:58,90.32,39.18,80.02,7,36.88,5.27,8.49,evening_peak
EV_040580a0,ST015,2025-04-01 18:40:36,2025-04-02 06:01:35,42.62,48.73,91.67,50,18.3,0.37,10.98,evening_peak
EV_56a63a2d,ST019,2025-04-01 18:40:55,2025-04-02 06:45:22,70.39,58.47,92.36,22,23.86,1.08,10.99,evening_peak
EV_c73e0be2,ST002,2025-04-01 18:41:29,2025-04-02 08:58:51,97.71,43.93,98.55,22,53.36,2.43,11.86,evening_peak
EV_44a40eca,ST015,2025-04-01 18:42:26,2025-04-02 09:52:31,39.59,10.25,84.9,7,29.56,4.22,10.95,evening_peak
EV_ae74388a,ST013,2025-04-01 18:42:31,2025-04-02 09:14:59,74.22,38.58,90.18,7,38.3,5.47,9.07,evening_peak
EV_16693ab8,ST007,2025-04-01 18:43:04,2025-04-02 07:27:32,38.52,12.4,94.26,22,31.54,1.43,11.31,evening_peak
EV_0809afde,ST001,2025-04-01 18:43:11,2025-04-02 08:29:16,81.63,44.25,82.79,7,31.46,4.49,9.27,evening_peak
EV_b0c98c16,ST011,2025-04-01 18:43:53,2025-04-02 09:46:02,67.63,54.61,88.82,7,23.14,3.31,11.73,evening_peak
EV_40041b9e,ST014,2025-04-01 18:44:09,2025-04-02 06:19:44,31.77,21.04,98.31,22,24.55,1.12,10.48,evening_peak
EV_4eaf471e,ST018,2025-04-01 18:44:36,2025-04-02 04:54:22,68.14,51.66,94.65,22,29.29,1.33,8.83,evening_peak
EV_575fbedf,ST002,2025-04-01 18:44:46,2025-04-02 06:37:48,50.06,42.52,91.36,22,24.45,1.11,10.77,evening_peak
EV_6fec8226,ST019,2025-04-01 18:44:57,2025-04-02 14:39:38,98.8,34.12,96.64,7,61.78,8.83,11.09,evening_peak
EV_109d4854,ST008,2025-04-01 18:45:08,2025-04-02 08:53:19,79.81,57.17,99.87,11,34.08,3.1,11.04,evening_peak
EV_9bbcc51c,ST019,2025-04-01 18:45:51,2025-04-02 07:36:51,49.55,14.39,82.71,22,33.85,1.54,11.31,evening_peak
EV_6d12d204,ST018,2025-04-01 18:46:09,2025-04-02 09:48:48,93.27,29.18,87.97,11,54.84,4.99,10.06,evening_peak
EV_8cbd6057,ST009,2025-04-01 18:46:41,2025-04-02 05:58:08,91.04,34.56,98.61,50,58.32,1.17,10.02,evening_peak
EV_a582a786,ST020,2025-04-01 18:46:57,2025-04-02 10:28:58,57.4,10.14,99.76,11,51.44,4.68,11.02,evening_peak
EV_bdaf9bec,ST016,2025-04-01 18:47:00,2025-04-02 06:09:35,96.15,24.25,90.39,50,63.6,1.27,10.1,evening_peak
EV_428a2202,ST009,2025-04-01 18:47:20,2025-04-02 12:51:09,83.49,16.07,94.93,7,65.83,9.4,8.66,evening_peak
EV_db55590d,ST005,2025-04-01 18:47:40,2025-04-02 08:08:34,74.2,43.17,92.62,7,36.7,5.24,8.11,evening_peak
EV_c1806896,ST007,2025-04-01 18:48:11,2025-04-02 07:58:10,82.59,24.4,87.1,22,51.79,2.35,10.81,evening_peak
EV_e63cfffd,ST012,2025-04-01 18:49:37,2025-04-02 05:22:29,34.05,49.16,88.41,7,13.37,1.91,8.64,evening_peak
EV_b5f7676e,ST010,2025-04-01 18:49:43,2025-04-02 06:32:05,81.63,53.94,86.64,11,26.69,2.43,9.28,evening_peak
EV_417d1b40,ST020,2025-04-01 18:50:00,2025-04-02 08:59:51,51.18,29.65,91.64,11,31.72,2.88,11.28,evening_peak
EV_81db7bf8,ST018,2025-04-01 18:50:01,2025-04-02 09:05:39,88.76,11.77,83.66,22,63.81,2.9,11.36,evening_peak
EV_7263478e,ST008,2025-04-01 18:50:43,2025-04-02 09:37:48,52.4,56.06,99.23,7,22.62,3.23,11.55,evening_peak
EV_04203efa,ST010,2025-04-01 18:51:02,2025-04-02 11:00:51,90.31,50.15,92.47,7,38.22,5.46,10.7,evening_peak
EV_abac1fff,ST016,2025-04-01 18:51:08,2025-04-02 07:25:56,90.86,41.43,98.09,22,51.48,2.34,10.24,evening_peak
EV_a90b1374,ST012,2025-04-01 18:51:31,2025-04-02 05:19:52,84.4,55.5,84.32,50,24.32,0.49,9.99,evening_peak
EV_0702ac86,ST011,2025-04-01 18:52:14,2025-04-02 05:11:24,67.71,28.02,85.45,22,38.88,1.77,8.55,evening_peak
EV_2953e4af,ST008,2025-04-01 18:52:33,2025-04-02 11:31:53,57.82,16.76,96.76,7,46.25,6.61,10.05,evening_peak
EV_f00607ba,ST019,2025-04-01 18:52:41,2025-04-02 08:59:15,57.43,43.2,96.9,11,30.84,2.8,11.31,evening_peak
EV_197bdb56,ST004,2025-04-01 18:53:10,2025-04-02 09:11:35,84.83,31.76,92.89,11,51.86,4.71,9.59,evening_peak
EV_a79a34b4,ST010,2025-04-01 18:54:32,2025-04-02 12:42:10,59.27,10.3,89.52,7,46.95,6.71,11.09,evening_peak
EV_0ce707dc,ST018,2025-04-01 18:54:39,2025-04-02 07:18:36,96.38,58.06,93.21,50,33.87,0.68,11.72,evening_peak
EV_2ff24ab6,ST006,2025-04-01 18:55:59,2025-04-02 07:32:20,46.33,48.78,96.39,11,22.05,2.0,10.6,evening_peak
EV_80cab693,ST002,2025-04-01 18:57:01,2025-04-02 06:30:05,56.78,30.9,99.4,11,38.89,3.54,8.02,evening_peak
EV_e15eb220,ST019,2025-04-01 18:57:13,2025-04-02 10:56:34,84.14,37.18,87.99,7,42.75,6.11,9.88,evening_peak
EV_5255beda,ST011,2025-04-01 18:57:23,2025-04-02 04:52:38,40.58,35.77,92.04,22,22.83,1.04,8.88,evening_peak
EV_950f088b,ST015,2025-04-01 18:57:59,2025-04-02 11:29:13,67.16,42.67,99.99,7,38.5,5.5,11.02,evening_peak
EV_1811d4d2,ST004,2025-04-01 18:58:02,2025-04-02 08:57:12,57.17,56.38,83.96,7,15.77,2.25,11.73,evening_peak
EV_942c42ed,ST019,2025-04-01 18:58:04,2025-04-02 07:19:16,78.91,45.89,90.21,11,34.97,3.18,9.17,evening_peak
EV_53c0aade,ST011,2025-04-01 18:58:36,2025-04-02 07:13:51,32.16,25.7,89.08,22,20.38,0.93,11.33,evening_peak
EV_febcdfa2,ST013,2025-04-01 18:59:09,2025-04-02 15:59:34,99.74,10.63,91.59,7,80.76,11.54,9.47,evening_peak
EV_fce3de4c,ST001,2025-04-01 18:59:38,2025-04-02 05:13:07,75.12,49.32,90.45,50,30.89,0.62,9.61,evening_peak
EV_226b7646,ST005,2025-04-01 18:59:53,2025-04-02 06:53:19,43.4,40.45,92.02,11,22.38,2.03,9.86,evening_peak
EV_ebcd532e,ST013,2025-04-01 19:00:08,2025-04-02 10:21:39,71.94,42.46,93.75,7,36.91,5.27,10.09,evening_peak
EV_819b8fb1,ST003,2025-04-01 19:00:33,2025-04-02 09:40:02,74.8,36.88,87.28,7,37.7,5.39,9.27,evening_peak
EV_fabc76be,ST005,2025-04-01 19:00:35,2025-04-02 04:45:04,38.05,46.06,82.36,11,13.81,1.26,8.49,evening_peak
EV_f650e832,ST012,2025-04-01 19:00:37,2025-04-02 11:14:43,46.74,23.3,93.22,7,32.68,4.67,11.57,evening_peak
EV_b3a539ab,ST011,2025-04-01 19:00:43,2025-04-02 06:28:17,94.55,39.39,80.43,50,38.8,0.78,10.68,evening_peak
EV_1593a144,ST013,2025-04-01 19:00:59,2025-04-02 04:25:42,41.28,56.3,95.39,22,16.14,0.73,8.68,evening_peak
EV_ab4a743f,ST017,2025-04-01 19:01:18,2025-04-02 10:01:39,97.67,18.76,97.07,22,76.48,3.48,11.53,evening_peak
EV_5a931474,ST016,2025-04-01 19:01:23,2025-04-02 10:18:31,60.66,49.25,99.15,7,30.26,4.32,10.96,evening_peak
EV_3dfc5272,ST002,2025-04-01 19:02:33,2025-04-02 05:23:02,52.55,24.0,80.2,22,29.53,1.34,9.0,evening_peak
EV_970af674,ST014,2025-04-01 19:02:43,2025-04-02 04:59:07,33.17,24.13,88.17,11,21.24,1.93,8.01,evening_peak
EV_a09210cb,ST006,2025-04-01 19:04:39,2025-04-02 13:33:12,83.61,18.54,88.38,7,58.4,8.34,10.13,evening_peak
EV_1e93979f,ST011,2025-04-01 19:04:43,2025-04-02 13:06:55,87.25,17.73,95.41,11,67.78,6.16,11.87,evening_peak
EV_6e7940e1,ST017,2025-04-01 19:04:50,2025-04-02 14:06:19,79.05,11.15,80.23,7,54.61,7.8,11.22,evening_peak
EV_b43823d6,ST008,2025-04-01 19:04:56,2025-04-02 09:31:40,97.72,21.2,82.19,11,59.59,5.42,9.03,evening_peak
EV_238f226d,ST010,2025-04-01 19:05:08,2025-04-02 10:16:52,83.55,19.83,94.0,11,61.98,5.63,9.56,evening_peak
EV_1e6ed72e,ST005,2025-04-01 19:06:10,2025-04-02 06:46:05,67.93,39.84,99.75,50,40.7,0.81,10.85,evening_peak
EV_e18e660c,ST006,2025-04-01 19:06:32,2025-04-02 08:59:25,65.7,40.1,80.23,7,26.36,3.77,10.12,evening_peak
EV_669515e4,ST002,2025-04-01 19:06:38,2025-04-02 12:12:52,92.72,21.49,83.82,7,57.79,8.26,8.85,evening_peak
EV_b0761f07,ST007,2025-04-01 19:06:40,2025-04-02 04:50:33,67.82,16.41,82.98,50,45.14,0.9,8.83,evening_peak
EV_3abd9679,ST012,2025-04-01 19:06:50,2025-04-02 04:47:02,77.43,24.64,91.93,50,52.09,1.04,8.63,evening_peak
EV_22ac5747,ST009,2025-04-01 19:06:56,2025-04-02 10:33:49,84.47,24.02,93.12,11,58.37,5.31,10.14,evening_peak
EV_76ad4a59,ST006,2025-04-01 19:07:49,2025-04-02 08:48:21,40.37,49.33,82.38,7,13.34,1.91,11.77,evening_peak
EV_8188c181,ST008,2025-04-01 19:08:39,2025-04-02 05:54:05,87.3,44.31,90.77,22,40.56,1.84,8.91,evening_peak
EV_8c712c64,ST001,2025-04-01 19:08:47,2025-04-02 05:21:37,64.92,49.47,82.04,50,21.15,0.42,9.79,evening_peak
EV_53b77a9f,ST006,2025-04-01 19:08:52,2025-04-02 07:51:18,71.08,13.43,97.82,50,59.98,1.2,11.51,evening_peak
EV_6348bff1,ST014,2025-04-01 19:09:10,2025-04-02 07:19:48,48.9,37.84,95.81,11,28.35,2.58,9.6,evening_peak
EV_ba540f57,ST016,2025-04-01 19:09:37,2025-04-02 12:51:57,79.35,29.32,89.67,7,47.89,6.84,10.86,evening_peak
EV_58e061f1,ST009,2025-04-01 19:09:51,2025-04-02 07:34:31,97.06,49.21,83.98,11,33.75,3.07,9.34,evening_peak
EV_311ee50d,ST005,2025-04-01 19:10:01,2025-04-02 07:11:01,59.69,36.8,94.41,22,34.39,1.56,10.45,evening_peak
EV_4cb6ec0a,ST006,2025-04-01 19:10:43,2025-04-02 09:16:08,67.68,22.75,91.34,11,46.43,4.22,9.87,evening_peak
EV_a36fd115,ST002,2025-04-01 19:10:51,2025-04-02 15:08:42,98.93,11.16,93.14,7,81.11,11.59,8.38,evening_peak
EV_9a2e46e3,ST008,2025-04-01 19:11:08,2025-04-02 06:47:34,33.21,38.38,83.21,11,14.89,1.35,10.25,evening_peak
EV_8c40080c,ST008,2025-04-01 19:12:04,2025-04-02 06:56:56,46.07,53.78,95.99,22,19.44,0.88,10.86,evening_peak
EV_0097ddbe,ST011,2025-04-01 19:12:25,2025-04-02 09:08:51,99.75,23.19,99.78,22,76.4,3.47,10.47,evening_peak
EV_afd02ee9,ST017,2025-04-01 19:13:10,2025-04-02 08:42:53,63.59,33.31,92.97,7,37.94,5.42,8.08,evening_peak
EV_40b3f2ec,ST002,2025-04-01 19:13:26,2025-04-02 08:15:16,84.08,11.18,95.04,22,70.51,3.2,9.83,evening_peak
EV_259937a8,ST020,2025-04-01 19:14:05,2025-04-02 12:19:30,86.32,25.12,93.77,7,59.26,8.47,8.62,evening_peak
EV_71db3cdf,ST011,2025-04-01 19:14:35,2025-04-02 07:07:37,65.3,43.32,98.79,11,36.22,3.29,8.59,evening_peak
EV_5d7f0fd5,ST011,2025-04-01 19:15:22,2025-04-02 15:25:33,87.26,25.43,94.06,7,59.89,8.56,11.61,evening_peak
EV_4df08f55,ST019,2025-04-01 19:15:52,2025-04-02 06:45:10,73.81,24.23,99.13,50,55.28,1.11,10.38,evening_peak
EV_a36b25ac,ST004,2025-04-01 19:16:22,2025-04-02 05:59:57,39.7,10.78,84.32,11,29.19,2.65,8.07,evening_peak
EV_74c1b550,ST003,2025-04-01 19:17:23,2025-04-02 12:19:32,95.58,58.77,97.36,7,36.88,5.27,11.77,evening_peak
EV_feaa9a33,ST011,2025-04-01 19:18:33,2025-04-02 06:13:01,58.54,22.57,96.83,22,43.47,1.98,8.93,evening_peak
EV_b2a2fce9,ST020,2025-04-01 19:19:33,2025-04-02 05:01:01,39.55,23.88,85.48,22,24.37,1.11,8.58,evening_peak
EV_7dada2fb,ST009,2025-04-01 19:19:50,2025-04-02 14:17:00,67.0,10.19,89.04,7,52.83,7.55,11.41,evening_peak
EV_9fd0422d,ST008,2025-04-01 19:20:48,2025-04-02 05:49:45,59.17,56.18,86.01,50,17.65,0.35,10.13,evening_peak
EV_2b014352,ST014,2025-04-01 19:21:01,2025-04-02 05:01:14,62.13,33.35,88.12,50,34.03,0.68,8.99,evening_peak
EV_e8d931eb,ST006,2025-04-01 19:22:06,2025-04-02 06:58:14,31.82,51.85,87.28,11,11.28,1.03,10.58,evening_peak
EV_8ae48325,ST015,2025-04-01 19:22:47,2025-04-02 10:20:44,53.53,35.47,83.05,7,25.47,3.64,11.33,evening_peak
EV_a932279f,ST020,2025-04-01 19:23:04,2025-04-02 06:13:57,45.21,56.1,95.13,11,17.64,1.6,9.24,evening_peak
EV_d7d712d6,ST015,2025-04-01 19:23:06,2025-04-02 08:16:02,84.75,26.71,95.19,22,58.03,2.64,10.24,evening_peak
EV_f7ff9c70,ST015,2025-04-01 19:23:13,2025-04-02 11:58:13,60.34,16.33,99.69,7,50.29,7.18,9.4,evening_peak
EV_4cff9235,ST020,2025-04-01 19:23:33,2025-04-02 08:52:47,45.89,54.26,91.5,7,17.09,2.44,11.05,evening_peak
EV_01380e29,ST010,2025-04-01 19:23:46,2025-04-02 08:07:55,89.79,35.21,88.94,50,48.24,0.96,11.77,evening_peak
EV_404f4cc9,ST015,2025-04-01 19:24:22,2025-04-02 08:17:18,35.95,13.96,82.89,7,24.78,3.54,9.34,evening_peak
EV_be31ecf0,ST001,2025-04-01 19:25:04,2025-04-02 07:37:49,33.14,56.8,87.2,7,10.07,1.44,10.77,evening_peak
EV_b83c3d5e,ST003,2025-04-01 19:25:37,2025-04-02 11:46:59,45.68,17.79,94.56,7,35.07,5.01,11.35,evening_peak
EV_1cf8acab,ST010,2025-04-01 19:25:45,2025-04-02 09:25:55,47.47,19.39,95.97,7,36.35,5.19,8.81,evening_peak
EV_2b9e71aa,ST014,2025-04-01 19:25:53,2025-04-02 11:20:58,97.19,57.92,97.34,7,38.31,5.47,10.44,evening_peak
EV_b727606b,ST020,2025-04-01 19:25:57,2025-04-02 09:24:39,50.3,23.11,99.65,7,38.5,5.5,8.48,evening_peak
EV_8e5190fb,ST019,2025-04-01 19:26:40,2025-04-02 12:20:03,87.97,45.6,85.05,7,34.7,4.96,11.93,evening_peak
EV_d84e4cbb,ST016,2025-04-01 19:27:24,2025-04-02 17:24:47,93.39,13.45,95.62,7,76.74,10.96,10.99,evening_peak
EV_c6d6af65,ST011,2025-04-01 19:27:30,2025-04-02 05:55:50,95.78,43.35,84.11,22,39.04,1.77,8.7,evening_peak
EV_416542d5,ST020,2025-04-01 19:27:45,2025-04-02 12:01:20,80.96,36.84,91.0,7,43.85,6.26,10.3,evening_peak
EV_d459be10,ST003,2025-04-01 19:28:25,2025-04-02 16:27:46,99.32,16.39,96.19,7,79.26,11.32,9.67,evening_peak
EV_7c56cb8b,ST008,2025-04-01 19:28:47,2025-04-02 11:08:47,90.86,28.35,95.55,11,61.06,5.55,10.12,evening_peak
EV_f657c576,ST009,2025-04-01 19:28:49,2025-04-02 08:08:04,36.76,40.25,96.63,11,20.73,1.88,10.77,evening_peak
EV_54fac1b1,ST019,2025-04-01 19:29:12,2025-04-02 08:17:55,90.99,19.39,89.42,22,63.72,2.9,9.92,evening_peak
EV_297bc890,ST002,2025-04-01 19:29:31,2025-04-02 10:58:40,75.56,37.5,90.7,7,40.2,5.74,9.74,evening_peak
EV_5f15ed63,ST015,2025-04-01 19:29:47,2025-04-02 04:57:43,76.02,28.62,98.39,50,53.03,1.06,8.4,evening_peak
EV_329f55ae,ST017,2025-04-01 19:30:49,2025-04-02 08:41:08,56.62,53.02,88.51,11,20.1,1.83,11.34,evening_peak
EV_9eda7c18,ST007,2025-04-01 19:31:46,2025-04-02 08:13:43,45.23,15.95,85.86,11,31.62,2.87,9.82,evening_peak
EV_8bade949,ST009,2025-04-01 19:31:57,2025-04-02 07:45:27,86.0,31.91,85.45,11,46.05,4.19,8.04,evening_peak
EV_562ac696,ST019,2025-04-01 19:32:04,2025-04-02 10:38:29,52.61,22.81,94.48,7,37.7,5.39,9.72,evening_peak
EV_66d51584,ST016,2025-04-01 19:32:48,2025-04-02 08:52:16,39.5,19.75,97.36,22,30.65,1.39,11.93,evening_peak
EV_c4fbb3ef,ST013,2025-04-01 19:33:05,2025-04-02 09:51:15,82.49,47.86,96.7,11,40.29,3.66,10.64,evening_peak
EV_06dcb115,ST003,2025-04-01 19:34:38,2025-04-02 05:41:53,64.19,41.04,90.07,22,31.48,1.43,8.69,evening_peak
EV_cc60659e,ST008,2025-04-01 19:35:42,2025-04-02 07:54:01,39.08,33.54,88.22,11,21.37,1.94,10.36,evening_peak
EV_dd03d2e9,ST014,2025-04-01 19:35:59,2025-04-02 07:39:12,67.51,26.08,88.5,11,42.14,3.83,8.22,evening_peak
EV_24c4078e,ST020,2025-04-01 19:36:37,2025-04-02 05:35:32,64.64,40.77,92.79,22,33.63,1.53,8.45,evening_peak
EV_7bc5609c,ST011,2025-04-01 19:37:49,2025-04-02 08:10:38,59.77,17.77,85.48,11,40.47,3.68,8.87,evening_peak
EV_fca33668,ST005,2025-04-01 19:37:58,2025-04-02 08:05:02,63.16,58.32,81.12,7,14.4,2.06,10.39,evening_peak
EV_fa5f6056,ST002,2025-04-01 19:38:17,2025-04-02 11:23:21,73.57,51.39,92.69,7,30.39,4.34,11.41,evening_peak
EV_58d9b3be,ST004,2025-04-01 19:38:40,2025-04-02 09:47:47,70.15,32.91,95.93,11,44.21,4.02,10.13,evening_peak
EV_bc0eeedb,ST004,2025-04-01 19:39:02,2025-04-02 12:42:04,78.08,21.53,90.97,7,54.22,7.75,9.3,evening_peak
EV_be4ef267,ST007,2025-04-01 19:39:27,2025-04-02 07:39:24,36.74,45.44,99.59,11,19.9,1.81,10.19,evening_peak
EV_2ec04b11,ST009,2025-04-01 19:39:32,2025-04-02 10:53:11,55.3,11.22,80.36,7,38.23,5.46,9.77,evening_peak
EV_d9d8fe81,ST011,2025-04-01 19:39:42,2025-04-02 07:09:04,31.85,45.96,98.85,11,16.85,1.53,9.96,evening_peak
EV_76da6ff1,ST013,2025-04-01 19:39:46,2025-04-02 06:41:33,98.61,39.87,99.12,22,58.43,2.66,8.37,evening_peak
EV_8d43aa80,ST014,2025-04-01 19:40:46,2025-04-02 11:24:10,69.09,24.6,95.25,7,48.81,6.97,8.75,evening_peak
EV_472f7d21,ST017,2025-04-01 19:41:03,2025-04-02 15:28:01,91.29,20.41,99.67,7,72.35,10.34,9.45,evening_peak
EV_b8239035,ST014,2025-04-01 19:41:24,2025-04-02 07:57:24,47.67,52.55,84.53,7,15.25,2.18,10.09,evening_peak
EV_07aea5b8,ST003,2025-04-01 19:41:25,2025-04-02 09:24:40,65.07,13.76,96.67,22,53.94,2.45,11.27,evening_peak
EV_70703c39,ST013,2025-04-01 19:41:28,2025-04-02 08:47:13,76.72,10.35,89.5,50,60.73,1.21,11.88,evening_peak
EV_83550b24,ST018,2025-04-01 19:41:40,2025-04-02 06:55:21,89.91,59.26,89.92,11,27.56,2.51,8.72,evening_peak
EV_2f578a1f,ST016,2025-04-01 19:41:46,2025-04-02 08:22:32,96.15,55.15,83.76,7,27.51,3.93,8.75,evening_peak
EV_ad4cb6b5,ST014,2025-04-01 19:41:56,2025-04-02 09:35:26,79.17,31.02,92.59,22,48.74,2.22,11.68,evening_peak
EV_2a3bf21c,ST014,2025-04-01 19:42:53,2025-04-02 09:46:22,81.55,25.17,99.25,11,60.41,5.49,8.57,evening_peak
EV_5eee9da0,ST019,2025-04-01 19:42:58,2025-04-02 08:44:28,73.8,56.13,90.0,7,24.99,3.57,9.45,evening_peak
EV_aaeeed4c,ST017,2025-04-01 19:43:25,2025-04-02 07:41:03,82.91,36.44,82.66,11,38.32,3.48,8.48,evening_peak
EV_9d1cca34,ST006,2025-04-01 19:43:33,2025-04-02 08:43:01,52.51,43.12,93.57,11,26.49,2.41,10.58,evening_peak
EV_8cbde0fb,ST004,2025-04-01 19:43:49,2025-04-02 06:50:59,38.56,55.85,87.81,11,12.32,1.12,10.0,evening_peak
EV_dad1f848,ST001,2025-04-01 19:45:26,2025-04-02 06:56:04,43.5,52.9,90.8,50,16.48,0.33,10.85,evening_peak
EV_5e00556c,ST010,2025-04-01 19:46:02,2025-04-02 07:28:09,39.96,24.39,85.42,7,24.39,3.48,8.22,evening_peak
EV_8db3fdc6,ST014,2025-04-01 19:46:23,2025-04-02 07:49:01,60.34,55.34,85.98,11,18.48,1.68,10.36,evening_peak
EV_706739c6,ST008,2025-04-01 19:47:02,2025-04-02 05:38:45,36.15,50.74,85.01,7,12.39,1.77,8.09,evening_peak
EV_7ce0e992,ST002,2025-04-01 19:47:25,2025-04-02 07:04:33,43.41,47.05,95.63,11,21.08,1.92,9.37,evening_peak
EV_d30df966,ST016,2025-04-01 19:48:13,2025-04-02 06:52:00,49.24,59.51,95.77,7,17.86,2.55,8.51,evening_peak
EV_1f253d94,ST019,2025-04-01 19:48:20,2025-04-02 05:56:38,38.58,36.71,88.6,50,20.02,0.4,9.74,evening_peak
EV_1d305d2d,ST005,2025-04-01 19:49:28,2025-04-02 06:18:18,35.56,52.44,88.67,22,12.88,0.59,9.89,evening_peak
EV_6cdd19ee,ST001,2025-04-01 19:49:43,2025-04-02 09:58:03,89.71,50.71,94.61,11,39.38,3.58,10.56,evening_peak
EV_bd29e76d,ST005,2025-04-01 19:49:51,2025-04-02 09:51:55,33.19,54.51,97.47,7,14.26,2.04,12.0,evening_peak
EV_e35217c7,ST012,2025-04-01 19:49:59,2025-04-02 08:26:47,74.63,37.71,98.27,50,45.2,0.9,11.71,evening_peak
EV_161344f6,ST020,2025-04-01 19:50:04,2025-04-02 09:22:34,52.05,51.78,96.11,7,23.07,3.3,10.25,evening_peak
EV_c333d291,ST016,2025-04-01 19:51:24,2025-04-02 06:23:31,57.42,41.08,97.56,50,32.43,0.65,9.89,evening_peak
EV_d1bac518,ST018,2025-04-01 19:51:32,2025-04-02 04:48:32,30.66,37.57,94.28,22,17.39,0.79,8.16,evening_peak
EV_f932c082,ST002,2025-04-01 19:51:46,2025-04-02 07:36:29,49.9,15.28,96.11,11,40.33,3.67,8.08,evening_peak
EV_932ed596,ST002,2025-04-01 19:51:48,2025-04-02 08:15:43,39.19,27.27,94.75,22,26.44,1.2,11.2,evening_peak
EV_67ff46c4,ST015,2025-04-01 19:53:03,2025-04-02 12:52:24,90.04,36.08,89.88,7,48.45,6.92,10.07,evening_peak
EV_57d61079,ST002,2025-04-01 19:53:03,2025-04-02 08:09:45,58.78,48.26,87.54,7,23.09,3.3,8.98,evening_peak
EV_4c2c5a36,ST020,2025-04-01 19:53:16,2025-04-02 10:12:07,73.16,41.21,92.39,7,37.45,5.35,8.96,evening_peak
EV_166d32b7,ST010,2025-04-01 19:53:25,2025-04-02 09:01:29,55.99,34.98,91.26,7,31.51,4.5,8.63,evening_peak
EV_d80b2100,ST017,2025-04-01 19:53:46,2025-04-02 14:32:48,76.53,12.36,82.62,7,53.77,7.68,10.97,evening_peak
EV_427eb5dc,ST003,2025-04-01 19:54:25,2025-04-02 06:51:49,81.63,30.55,99.0,22,55.88,2.54,8.42,evening_peak
EV_7c1a65e4,ST002,2025-04-01 19:54:27,2025-04-02 07:11:00,70.4,26.95,89.32,22,43.9,2.0,9.28,evening_peak
EV_be574a2b,ST017,2025-04-01 19:54:51,2025-04-02 08:12:07,72.36,20.4,87.07,22,48.24,2.19,10.09,evening_peak
EV_d9a3ec44,ST018,2025-04-01 19:54:55,2025-04-02 10:00:27,84.28,43.26,81.12,11,31.91,2.9,11.19,evening_peak
EV_229eb659,ST004,2025-04-01 19:54:56,2025-04-02 07:50:59,50.72,46.38,86.4,7,20.3,2.9,9.03,evening_peak
EV_fad1cf45,ST013,2025-04-01 19:55:13,2025-04-02 06:20:07,95.08,48.23,85.02,50,34.98,0.7,9.72,evening_peak
EV_14f396d0,ST002,2025-04-01 19:56:04,2025-04-02 11:16:53,86.65,26.84,83.7,11,49.27,4.48,10.87,evening_peak
EV_4eb4ea91,ST015,2025-04-01 19:56:14,2025-04-02 05:53:00,41.76,40.95,91.59,50,21.15,0.42,9.52,evening_peak
EV_6acaaa11,ST008,2025-04-01 19:56:21,2025-04-02 11:56:15,82.31,22.26,81.95,7,49.12,7.02,8.98,evening_peak
EV_e95d322d,ST011,2025-04-01 19:57:02,2025-04-02 07:24:41,85.34,40.69,84.3,22,37.22,1.69,9.77,evening_peak
EV_7f9e082b,ST010,2025-04-01 19:58:04,2025-04-02 13:44:29,93.15,28.21,89.83,7,57.4,8.2,9.57,evening_peak
EV_ec942008,ST011,2025-04-01 19:58:32,2025-04-02 08:37:32,35.23,22.59,86.81,22,22.62,1.03,11.62,evening_peak
EV_1d267ec5,ST009,2025-04-01 19:58:34,2025-04-02 05:19:17,93.74,33.71,86.11,50,49.12,0.98,8.36,evening_peak
EV_17787636,ST020,2025-04-01 19:58:47,2025-04-02 12:06:53,96.39,20.48,83.06,11,60.32,5.48,10.65,evening_peak
EV_d1596778,ST001,2025-04-01 19:58:50,2025-04-02 13:58:44,94.61,41.74,87.11,7,42.93,6.13,11.87,evening_peak
EV_f8bacd39,ST015,2025-04-01 19:59:03,2025-04-02 10:30:32,39.23,33.85,86.71,7,20.74,2.96,11.56,evening_peak
EV_f4d0b172,ST001,2025-04-01 19:59:09,2025-04-02 05:41:34,47.74,47.92,98.67,22,24.23,1.1,8.61,evening_peak
EV_d77f5fbb,ST013,2025-04-01 19:59:31,2025-04-02 09:11:19,34.17,53.75,92.44,7,13.22,1.89,11.31,evening_peak
EV_171150c8,ST019,2025-04-01 19:59:45,2025-04-02 10:31:36,94.84,54.44,88.13,11,31.95,2.9,11.63,evening_peak
EV_5cbde1cd,ST017,2025-04-01 19:59:46,2025-04-02 11:20:15,55.73,15.75,99.35,7,46.59,6.66,8.69,evening_peak
EV_3fe612b6,ST014,2025-04-01 20:03:24,2025-04-02 10:38:26,68.06,32.97,90.65,11,39.25,3.57,11.02,evening_peak
EV_d54dbc58,ST020,2025-04-01 20:13:26,2025-04-02 06:10:01,83.01,45.73,85.76,22,33.23,1.51,8.43,evening_peak
EV_1bebea90,ST002,2025-04-01 20:21:06,2025-04-02 10:28:22,83.25,51.23,91.26,7,33.33,4.76,9.36,evening_peak
EV_393570c5,ST004,2025-04-01 20:27:15,2025-04-02 09:54:38,86.34,19.44,91.58,22,62.28,2.83,10.63,evening_peak
EV_732f73ea,ST011,2025-04-01 20:40:01,2025-04-02 08:46:02,40.66,37.22,99.2,7,25.2,3.6,8.5,evening_peak
EV_2c66f7e6,ST009,2025-04-01 21:21:30,2025-04-02 12:14:31,94.31,45.82,91.67,7,43.23,6.18,8.71,evening_peak
EV_6269e11a,ST001,2025-04-01 21:25:51,2025-04-02 10:38:43,52.58,21.59,90.78,7,36.38,5.2,8.02,evening_peak
EV_d7198415,ST009,2025-04-01 21:51:12,2025-04-02 09:37:12,50.73,52.87,93.27,11,20.5,1.86,9.9,evening_peak
EV_1c23fe5e,ST005,2025-04-01 21:54:28,2025-04-02 10:35:56,36.14,40.46,89.44,22,17.7,0.8,11.89,evening_peak
EV_7348a471,ST008,2025-04-01 21:58:42,2025-04-02 11:33:16,60.94,29.11,84.31,11,33.64,3.06,10.52,evening_peak
EV_ed574ead,ST002,2025-04-01 22:21:54,2025-04-02 12:00:57,74.33,32.78,80.84,7,35.73,5.1,8.55,evening_peak
EV_862e87ad,ST017,2025-04-01 22:45:51,2025-04-02 15:03:48,46.32,14.15,80.5,7,30.73,4.39,11.91,evening_peak
EV_c4d1bffc,ST016,2025-04-01 22:55:48,2025-04-02 10:58:10,82.25,51.66,91.8,22,33.02,1.5,10.54,evening_peak
EV_5ea81a08,ST016,2025-04-01 23:01:28,2025-04-02 13:06:51,59.03,21.23,83.94,7,37.01,5.29,8.8,evening_peak
EV_cc6fe0b4,ST004,2025-04-01 23:02:12,2025-04-02 13:12:10,89.4,15.71,97.87,22,73.45,3.34,10.83,evening_peak
EV_3a0e37e1,ST016,2025-04-01 23:03:04,2025-04-02 10:53:28,51.36,32.96,88.78,50,28.67,0.57,11.27,evening_peak
EV_1a647831,ST017,2025-04-01 23:16:28,2025-04-02 15:32:59,84.01,56.81,97.18,7,33.92,4.85,11.43,evening_peak
EV_a99bd4f6,ST010,2025-04-01 23:31:40,2025-04-02 11:31:56,39.67,45.54,99.83,7,21.54,3.08,8.93,evening_peak
EV_43843f5b,ST020,2025-04-01 23:39:35,2025-04-02 10:53:30,42.89,12.87,80.89,50,29.17,0.58,10.65,evening_peak
EV_abc9446f,ST017,2025-04-01 23:52:35,2025-04-02 13:21:34,33.38,13.52,92.52,11,26.37,2.4,11.09,evening_peak
EV_ee4d0720,ST017,2025-04-01 00:05:49,2025-04-01 06:47:59,94.09,16.28,86.54,22,66.11,3.0,3.7,grid_stress
EV_aa38dd07,ST002,2025-04-01 00:16:49,2025-04-01 07:34:43,75.17,16.68,97.2,11,60.53,5.5,1.8,grid_stress
EV_eb90f1cb,ST008,2025-04-01 00:46:42,2025-04-01 09:11:08,96.77,16.48,99.13,11,79.98,7.27,1.14,grid_stress
EV_0240cd43,ST009,2025-04-01 00:47:06,2025-04-01 13:26:42,91.1,9.38,88.9,7,72.45,10.35,2.31,grid_stress
EV_d3f378a5,ST015,2025-04-01 00:54:16,2025-04-01 04:33:29,90.63,9.73,84.15,50,67.45,1.35,2.3,grid_stress
EV_5cff920b,ST005,2025-04-01 01:10:43,2025-04-01 09:31:24,87.3,16.57,85.95,11,60.57,5.51,2.84,grid_stress
EV_6fc2603f,ST014,2025-04-01 01:30:02,2025-04-01 06:42:32,97.94,19.53,90.33,22,69.35,3.15,2.06,grid_stress
EV_893ec0e5,ST014,2025-04-01 01:49:12,2025-04-01 11:44:31,74.22,11.3,87.68,7,56.69,8.1,1.82,grid_stress
EV_b50acb7f,ST016,2025-04-01 01:58:32,2025-04-01 09:26:31,96.76,14.38,82.23,11,65.65,5.97,1.5,grid_stress
EV_a2869867,ST002,2025-04-01 02:03:05,2025-04-01 06:06:14,85.03,5.52,82.91,22,65.8,2.99,1.06,grid_stress
EV_753f7623,ST018,2025-04-01 02:07:15,2025-04-01 10:49:30,71.55,19.71,96.68,11,55.07,5.01,3.7,grid_stress
EV_76fa99a4,ST019,2025-04-01 02:18:15,2025-04-01 10:52:28,71.83,7.01,85.1,11,56.1,5.1,3.47,grid_stress
EV_7fc42763,ST003,2025-04-01 02:58:25,2025-04-01 10:57:13,84.93,12.78,88.67,11,64.44,5.86,2.12,grid_stress
EV_f5ad6271,ST006,2025-04-01 03:00:27,2025-04-01 06:08:43,87.34,10.72,87.03,50,66.64,1.33,1.81,grid_stress
EV_2cfe2cf4,ST017,2025-04-01 03:19:19,2025-04-01 10:32:54,82.1,14.44,89.86,11,61.92,5.63,1.6,grid_stress
EV_506d3ecb,ST005,2025-04-01 03:25:47,2025-04-01 10:42:47,74.56,13.9,92.28,11,58.44,5.31,1.97,grid_stress
EV_8d861bc0,ST010,2025-04-01 03:35:57,2025-04-01 12:13:47,87.15,11.78,99.69,11,76.62,6.97,1.67,grid_stress
EV_9680e6b5,ST016,2025-04-01 03:52:06,2025-04-01 15:11:40,79.63,10.32,91.82,7,64.9,9.27,2.06,grid_stress
EV_170f83f7,ST014,2025-04-01 05:32:10,2025-04-01 16:39:42,80.79,12.35,84.62,7,58.38,8.34,2.78,grid_stress
EV_97392eee,ST011,2025-04-01 06:01:19,2025-04-01 12:44:18,77.58,6.12,96.26,22,69.93,3.18,3.54,grid_stress
EV_76402126,ST005,2025-04-01 06:16:52,2025-04-01 09:26:07,87.2,19.18,89.15,50,61.01,1.22,1.93,grid_stress
EV_51f55c6f,ST020,2025-04-01 06:33:44,2025-04-01 13:49:15,78.44,12.84,80.68,11,53.22,4.84,2.42,grid_stress
EV_0d84dd8f,ST013,2025-04-01 06:44:25,2025-04-01 17:54:17,71.53,19.85,99.48,7,56.96,8.14,3.03,grid_stress
EV_958da2a7,ST020,2025-04-01 06:50:53,2025-04-01 19:32:20,81.33,15.68,90.96,7,61.22,8.75,3.94,grid_stress
EV_d9ca356d,ST005,2025-04-01 07:00:42,2025-04-01 12:25:22,98.48,10.79,84.92,22,73.0,3.32,2.09,grid_stress
EV_6f4a2ab9,ST003,2025-04-01 07:03:32,2025-04-01 16:02:46,72.6,5.03,99.41,11,68.51,6.23,2.76,grid_stress
EV_8d65d8a7,ST019,2025-04-01 07:07:27,2025-04-01 18:16:44,80.04,19.35,92.89,7,58.86,8.41,2.75,grid_stress
EV_dd44f72d,ST009,2025-04-01 07:39:41,2025-04-01 14:19:03,71.73,16.02,82.66,11,47.8,4.35,2.31,grid_stress
EV_e10a1f81,ST014,2025-04-01 07:42:37,2025-04-01 13:27:57,96.36,10.54,85.52,22,72.25,3.28,2.47,grid_stress
EV_fd06e26f,ST011,2025-04-01 07:46:03,2025-04-01 14:01:41,78.87,16.31,82.62,11,52.3,4.75,1.51,grid_stress
EV_f10f5657,ST015,2025-04-01 07:53:20,2025-04-01 14:40:32,79.31,18.66,88.38,11,55.3,5.03,1.76,grid_stress
EV_6095c193,ST009,2025-04-01 08:12:46,2025-04-01 19:55:05,88.74,15.7,93.86,7,69.36,9.91,1.8,grid_stress
EV_c6a7294e,ST019,2025-04-01 08:43:49,2025-04-01 15:35:43,73.2,5.76,81.65,11,55.55,5.05,1.82,grid_stress
EV_d2c1cf6b,ST006,2025-04-01 09:16:10,2025-04-01 21:11:19,81.28,10.71,91.73,7,65.86,9.41,2.51,grid_stress
EV_551aa5ab,ST016,2025-04-01 09:32:30,2025-04-01 14:30:35,77.72,8.75,87.95,22,61.55,2.8,2.17,grid_stress
EV_1e1cdbb6,ST012,2025-04-01 09:43:48,2025-04-01 14:08:08,75.63,12.01,95.05,22,62.8,2.85,1.55,grid_stress
EV_dff6369f,ST001,2025-04-01 10:10:14,2025-04-01 18:21:36,71.96,7.45,95.75,11,63.55,5.78,2.41,grid_stress
EV_9480be96,ST016,2025-04-01 10:28:24,2025-04-01 16:24:33,93.52,12.82,89.1,22,71.35,3.24,2.69,grid_stress
EV_e93b9f05,ST011,2025-04-01 10:42:51,2025-04-01 20:12:17,85.67,5.19,90.37,11,72.98,6.63,2.86,grid_stress
EV_ef503c64,ST013,2025-04-01 10:44:47,2025-04-01 15:51:29,97.55,12.59,92.82,50,78.26,1.57,3.55,grid_stress
EV_434d1079,ST005,2025-04-01 10:59:33,2025-04-01 21:43:53,79.56,18.88,92.54,7,58.6,8.37,2.37,grid_stress
EV_ddb61836,ST006,2025-04-01 11:48:18,2025-04-02 01:17:22,97.28,15.6,86.78,7,69.24,9.89,3.59,grid_stress
EV_b0e2c9f9,ST003,2025-04-01 11:49:28,2025-04-01 22:56:47,93.89,6.54,92.08,11,80.31,7.3,3.82,grid_stress
EV_8c8ced28,ST011,2025-04-01 11:57:46,2025-04-01 20:52:57,81.99,6.06,88.33,11,67.45,6.13,2.79,grid_stress
EV_6dc4c59c,ST009,2025-04-01 12:02:17,2025-04-01 23:34:58,76.25,11.56,88.71,7,58.82,8.4,3.14,grid_stress
EV_3b00a5f2,ST006,2025-04-01 12:05:40,2025-04-01 18:32:16,87.2,7.77,87.17,22,69.24,3.15,3.3,grid_stress
EV_b8fb5837,ST018,2025-04-01 12:19:00,2025-04-01 16:19:58,76.04,5.52,90.87,22,64.9,2.95,1.07,grid_stress
EV_e1aa8075,ST014,2025-04-01 13:20:22,2025-04-01 23:34:04,86.92,7.64,90.56,11,72.08,6.55,3.68,grid_stress
EV_fb5d0e30,ST007,2025-04-01 13:32:35,2025-04-01 16:40:42,77.23,7.61,91.06,50,64.45,1.29,1.85,grid_stress
EV_ad7e3fae,ST012,2025-04-01 13:47:36,2025-04-01 21:24:28,83.15,14.42,97.26,11,68.89,6.26,1.35,grid_stress
EV_631eaddf,ST006,2025-04-01 13:51:57,2025-04-01 20:48:54,74.17,6.63,91.55,11,62.98,5.73,1.22,grid_stress
EV_a8e47e31,ST005,2025-04-01 14:09:00,2025-04-01 22:39:57,89.85,17.86,89.97,11,64.8,5.89,2.63,grid_stress
EV_bb9ba036,ST016,2025-04-01 14:21:20,2025-04-02 01:10:16,75.99,9.59,87.47,7,59.18,8.45,2.36,grid_stress
EV_f3784124,ST003,2025-04-01 14:30:54,2025-04-01 19:39:56,94.02,13.57,89.6,22,71.48,3.25,1.9,grid_stress
EV_6f9fa634,ST020,2025-04-01 14:32:31,2025-04-02 00:21:01,90.12,6.59,83.32,11,69.14,6.29,3.52,grid_stress
EV_39f10bfd,ST006,2025-04-01 14:41:37,2025-04-02 01:54:13,74.69,6.81,86.08,7,59.2,8.46,2.75,grid_stress
EV_2f5459a8,ST011,2025-04-01 14:45:56,2025-04-02 05:37:52,86.99,5.9,95.46,7,77.91,11.13,3.74,grid_stress
EV_90fd593a,ST002,2025-04-01 14:58:37,2025-04-02 03:42:31,99.72,19.58,85.03,7,65.26,9.32,3.41,grid_stress
EV_1b36e722,ST015,2025-04-01 15:04:36,2025-04-01 22:14:02,87.15,10.72,85.34,11,65.03,5.91,1.25,grid_stress
EV_f753e241,ST002,2025-04-01 15:04:44,2025-04-01 20:06:56,76.31,8.0,97.17,22,68.04,3.09,1.94,grid_stress
EV_0b8ef6a6,ST016,2025-04-01 15:19:47,2025-04-02 00:51:03,80.21,18.0,85.76,7,54.35,7.76,1.76,grid_stress
EV_67b5a165,ST007,2025-04-01 15:21:00,2025-04-01 23:35:50,84.63,12.68,98.61,11,72.72,6.61,1.64,grid_stress
EV_fb736082,ST001,2025-04-01 15:22:25,2025-04-02 03:37:20,80.67,17.18,96.87,7,64.29,9.18,3.06,grid_stress
EV_f5bb9826,ST002,2025-04-01 15:25:34,2025-04-02 03:37:37,76.47,16.63,98.74,7,62.79,8.97,3.23,grid_stress
EV_637e48b4,ST009,2025-04-01 15:53:03,2025-04-01 22:28:04,73.83,19.17,87.2,11,50.23,4.57,2.02,grid_stress
EV_b79466a9,ST008,2025-04-01 16:03:52,2025-04-02 04:22:37,81.71,10.92,96.59,7,70.0,10.0,2.31,grid_stress
EV_f0c90f43,ST013,2025-04-01 16:13:59,2025-04-01 20:43:43,80.63,15.34,95.15,22,64.35,2.93,1.57,grid_stress
EV_901a659b,ST018,2025-04-01 16:36:11,2025-04-02 02:16:45,97.75,15.34,99.99,11,82.74,7.52,2.15,grid_stress
EV_7b8bdc4f,ST015,2025-04-01 16:49:24,2025-04-01 21:36:31,98.24,15.51,85.33,22,68.59,3.12,1.67,grid_stress
EV_2b09db89,ST015,2025-04-01 17:00:03,2025-04-02 06:10:23,91.38,11.31,94.34,7,75.87,10.84,2.33,grid_stress
EV_a1285f4c,ST017,2025-04-01 17:00:27,2025-04-02 03:48:40,73.83,17.99,87.0,7,50.95,7.28,3.53,grid_stress
EV_31d6e4c3,ST014,2025-04-01 17:01:03,2025-04-01 22:52:13,92.5,8.09,99.96,22,84.98,3.86,1.99,grid_stress
EV_508fb588,ST016,2025-04-01 17:01:21,2025-04-02 03:44:18,73.13,7.75,86.62,7,57.67,8.24,2.48,grid_stress
EV_cf9e8ada,ST005,2025-04-01 17:02:32,2025-04-02 00:45:56,82.8,6.74,81.49,11,61.89,5.63,2.1,grid_stress
EV_2100ff53,ST006,2025-04-01 17:02:51,2025-04-02 06:12:39,98.59,13.45,90.58,7,76.04,10.86,2.3,grid_stress
EV_65894236,ST015,2025-04-01 17:03:17,2025-04-02 06:01:11,86.74,9.94,89.16,7,68.72,9.82,3.15,grid_stress
EV_0873cebe,ST018,2025-04-01 17:04:00,2025-04-02 05:57:46,92.77,16.16,97.76,7,75.7,10.81,2.08,grid_stress
EV_177d8ef8,ST003,2025-04-01 17:04:23,2025-04-02 02:43:57,97.2,10.43,80.69,11,68.29,6.21,3.45,grid_stress
EV_4ab068cf,ST003,2025-04-01 17:05:03,2025-04-01 21:41:28,91.27,13.96,97.38,50,76.13,1.52,3.08,grid_stress
EV_189cc206,ST015,2025-04-01 17:05:08,2025-04-02 01:46:50,73.95,15.32,86.12,7,52.36,7.48,1.22,grid_stress
EV_6bc5ffbe,ST018,2025-04-01 17:05:13,2025-04-02 06:59:52,97.54,9.89,91.46,7,79.56,11.37,2.55,grid_stress
EV_d0d4783f,ST006,2025-04-01 17:05:32,2025-04-02 00:58:39,71.08,12.57,89.61,11,54.76,4.98,2.91,grid_stress
EV_41fea382,ST010,2025-04-01 17:06:37,2025-04-02 04:38:12,96.47,12.87,87.88,7,72.36,10.34,1.19,grid_stress
EV_235aa3b8,ST008,2025-04-01 17:06:42,2025-04-01 23:29:21,87.31,18.1,87.21,22,60.34,2.74,3.63,grid_stress
EV_fab7ce2e,ST013,2025-04-01 17:06:46,2025-04-01 22:37:19,80.67,8.25,82.65,22,60.02,2.73,2.78,grid_stress
EV_2f731a96,ST019,2025-04-01 17:08:04,2025-04-01 22:12:43,87.4,8.41,86.02,22,67.83,3.08,1.99,grid_stress
EV_7245565f,ST014,2025-04-01 17:08:43,2025-04-02 02:58:04,91.86,15.57,86.36,11,65.03,5.91,3.91,grid_stress
EV_8e344555,ST017,2025-04-01 17:09:31,2025-04-02 05:54:16,89.32,5.48,92.33,7,77.58,11.08,1.66,grid_stress
EV_3064bcaf,ST013,2025-04-01 17:10:21,2025-04-01 23:48:41,76.03,7.52,84.45,11,58.49,5.32,1.32,grid_stress
EV_01a9fb59,ST005,2025-04-01 17:10:36,2025-04-01 20:56:19,70.55,8.48,81.66,50,51.63,1.03,2.73,grid_stress
EV_84f0e8c3,ST001,2025-04-01 17:11:32,2025-04-02 05:09:22,92.31,10.11,87.47,7,71.41,10.2,1.76,grid_stress
EV_fb00f638,ST006,2025-04-01 17:11:58,2025-04-02 05:07:43,79.35,19.11,97.98,7,62.58,8.94,2.99,grid_stress
EV_964a0e8c,ST019,2025-04-01 17:13:03,2025-04-01 22:13:56,95.42,17.86,97.55,22,76.05,3.46,1.56,grid_stress
EV_5141f9d4,ST017,2025-04-01 17:13:13,2025-04-02 04:03:28,72.66,14.04,96.83,7,60.15,8.59,2.24,grid_stress
EV_dce48aed,ST006,2025-04-01 17:13:28,2025-04-01 21:48:59,88.36,12.35,94.08,22,72.22,3.28,1.31,grid_stress
EV_892edb90,ST009,2025-04-01 17:13:58,2025-04-02 00:35:14,79.66,7.89,91.75,11,66.8,6.07,1.28,grid_stress
EV_a0045f1a,ST014,2025-04-01 17:14:12,2025-04-02 02:29:47,74.36,18.7,86.04,7,50.07,7.15,2.11,grid_stress
EV_30d56f42,ST012,2025-04-01 17:14:41,2025-04-02 04:57:39,73.03,7.25,88.57,7,59.39,8.48,3.23,grid_stress
EV_4a448c79,ST008,2025-04-01 17:14:42,2025-04-02 05:07:06,76.36,5.41,82.82,7,59.11,8.44,3.43,grid_stress
EV_5c545123,ST004,2025-04-01 17:14:59,2025-04-01 22:18:17,89.23,17.91,81.66,22,56.88,2.59,2.47,grid_stress
EV_516970ac,ST020,2025-04-01 17:17:05,2025-04-02 02:15:00,96.98,15.02,97.02,11,79.52,7.23,1.74,grid_stress
EV_53423de3,ST015,2025-04-01 17:17:09,2025-04-02 05:41:12,77.11,9.14,88.74,7,61.38,8.77,3.63,grid_stress
EV_dff04824,ST005,2025-04-01 17:17:48,2025-04-01 22:01:35,95.69,5.56,95.0,50,85.58,1.71,3.02,grid_stress
EV_de9726f6,ST015,2025-04-01 17:18:43,2025-04-01 21:21:38,98.56,15.83,87.62,50,70.76,1.42,2.63,grid_stress
EV_ece8c4a0,ST006,2025-04-01 17:18:51,2025-04-02 01:43:02,92.08,10.35,94.85,11,77.8,7.07,1.33,grid_stress
EV_3439ae17,ST002,2025-04-01 17:19:25,2025-04-02 08:14:24,94.36,5.05,95.0,7,84.87,12.12,2.79,grid_stress
EV_00a27589,ST004,2025-04-01 17:19:35,2025-04-02 03:32:21,92.36,18.22,84.91,7,61.59,8.8,1.41,grid_stress
EV_ea51ee8a,ST005,2025-04-01 17:19:36,2025-04-01 22:47:44,90.86,16.92,80.6,22,57.87,2.63,2.84,grid_stress
EV_9ab4df6b,ST018,2025-04-01 17:20:16,2025-04-01 23:43:39,89.76,7.08,87.94,22,72.58,3.3,3.09,grid_stress
EV_17f698e3,ST009,2025-04-01 17:20:23,2025-04-02 06:24:55,86.21,13.77,95.6,7,70.55,10.08,3.0,grid_stress
EV_e5a44066,ST001,2025-04-01 17:20:25,2025-04-01 22:12:46,95.32,15.84,91.58,22,72.2,3.28,1.59,grid_stress
EV_e80e6a92,ST008,2025-04-01 17:21:02,2025-04-02 06:33:43,82.29,7.63,90.95,7,68.56,9.79,3.42,grid_stress
EV_2b61b150,ST004,2025-04-01 17:21:13,2025-04-02 06:27:30,90.37,15.23,96.01,7,73.0,10.43,2.68,grid_stress
EV_5773d27f,ST010,2025-04-01 17:21:52,2025-04-02 01:56:51,84.37,9.35,89.33,11,67.48,6.13,2.45,grid_stress
EV_52e36a28,ST018,2025-04-01 17:22:16,2025-04-01 23:35:38,87.59,19.21,91.12,22,62.99,2.86,3.36,grid_stress
EV_d2d919dc,ST013,2025-04-01 17:22:41,2025-04-02 04:09:42,94.94,17.31,82.04,7,61.45,8.78,2.0,grid_stress
EV_8a157d55,ST014,2025-04-01 17:22:43,2025-04-02 00:17:05,91.24,12.91,85.81,22,66.51,3.02,3.88,grid_stress
EV_1e9821d2,ST019,2025-04-01 17:23:12,2025-04-02 04:42:38,98.03,16.68,85.33,7,67.3,9.61,1.71,grid_stress
EV_7040c4e6,ST011,2025-04-01 17:23:19,2025-04-02 07:44:38,99.68,10.02,98.22,7,87.91,12.56,1.8,grid_stress
EV_cee21792,ST011,2025-04-01 17:23:23,2025-04-02 07:19:55,95.95,18.56,97.15,7,75.4,10.77,3.17,grid_stress
EV_be36d330,ST009,2025-04-01 17:23:46,2025-04-01 23:52:01,92.3,10.66,91.28,22,74.41,3.38,3.09,grid_stress
EV_1086e3ff,ST020,2025-04-01 17:23:49,2025-04-02 06:02:41,90.76,12.95,91.5,7,71.3,10.19,2.46,grid_stress
EV_0447f1b4,ST001,2025-04-01 17:23:52,2025-04-01 23:59:22,86.97,7.11,92.7,22,74.43,3.38,3.21,grid_stress
EV_a4b7bbd8,ST003,2025-04-01 17:24:59,2025-04-02 04:32:31,71.18,13.09,95.75,7,58.84,8.41,2.72,grid_stress
EV_cc66c236,ST001,2025-04-01 17:25:02,2025-04-01 22:01:04,97.79,13.26,88.37,50,73.45,1.47,3.13,grid_stress
EV_2c29120a,ST006,2025-04-01 17:25:41,2025-04-02 05:05:01,83.9,9.94,97.06,7,73.09,10.44,1.21,grid_stress
EV_2a475d85,ST012,2025-04-01 17:26:22,2025-04-02 03:38:25,76.42,10.74,80.89,7,53.61,7.66,2.54,grid_stress
EV_9ec7dc3d,ST006,2025-04-01 17:26:47,2025-04-02 06:04:51,98.48,8.48,87.41,7,77.73,11.1,1.53,grid_stress
EV_3ef7897e,ST012,2025-04-01 17:27:06,2025-04-02 01:11:25,78.39,15.72,99.82,11,65.92,5.99,1.75,grid_stress
EV_0cb1cf65,ST003,2025-04-01 17:27:40,2025-04-02 02:00:32,80.07,10.18,93.02,11,66.33,6.03,2.52,grid_stress
EV_19c28670,ST012,2025-04-01 17:27:41,2025-04-02 07:43:02,98.64,16.39,93.75,7,76.31,10.9,3.35,grid_stress
EV_2f4fad2b,ST016,2025-04-01 17:27:49,2025-04-01 22:52:41,81.18,14.81,81.95,22,54.5,2.48,2.94,grid_stress
EV_9c86bb2b,ST002,2025-04-01 17:28:38,2025-04-02 06:07:37,95.32,6.94,81.97,7,71.52,10.22,2.43,grid_stress
EV_0251758b,ST010,2025-04-01 17:29:23,2025-04-02 08:48:18,94.21,10.42,96.66,7,81.25,11.61,3.71,grid_stress
EV_5512061e,ST019,2025-04-01 17:29:30,2025-04-02 05:08:26,88.41,16.59,90.26,7,65.14,9.31,2.34,grid_stress
EV_d1337b1f,ST007,2025-04-01 17:29:33,2025-04-01 22:05:12,98.88,15.78,93.91,22,77.26,3.51,1.08,grid_stress
EV_e749099e,ST008,2025-04-01 17:29:49,2025-04-02 00:51:27,79.13,16.43,95.95,11,62.92,5.72,1.64,grid_stress
EV_c8fccfbd,ST005,2025-04-01 17:30:17,2025-04-02 05:52:48,76.03,5.24,95.35,7,68.51,9.79,2.59,grid_stress
EV_7b1ccf5e,ST005,2025-04-01 17:30:47,2025-04-02 02:59:48,96.91,10.72,95.23,11,81.9,7.45,2.04,grid_stress
EV_0fa6a9d3,ST017,2025-04-01 17:31:07,2025-04-01 21:18:29,84.62,19.57,90.22,22,59.78,2.72,1.07,grid_stress
EV_b9bb54ef,ST018,2025-04-01 17:31:12,2025-04-01 21:08:10,84.82,19.1,90.12,50,60.24,1.2,2.41,grid_stress
EV_80fc3bc6,ST020,2025-04-01 17:31:36,2025-04-02 04:47:20,98.44,18.36,83.78,7,64.4,9.2,2.06,grid_stress
EV_a1af8b7f,ST011,2025-04-01 17:31:44,2025-04-02 05:35:49,99.3,9.8,99.88,11,89.44,8.13,3.94,grid_stress
EV_0dd02746,ST019,2025-04-01 17:32:25,2025-04-02 03:50:23,86.31,6.95,92.22,11,73.6,6.69,3.61,grid_stress
EV_a51244d6,ST012,2025-04-01 17:32:47,2025-04-01 23:42:43,71.42,19.51,80.57,11,43.61,3.96,2.2,grid_stress
EV_cd656208,ST010,2025-04-01 17:32:55,2025-04-02 02:51:38,97.55,11.23,91.79,11,78.59,7.14,2.17,grid_stress
EV_4f7ea1d2,ST015,2025-04-01 17:33:36,2025-04-01 22:23:25,82.16,18.72,89.33,22,58.02,2.64,2.19,grid_stress
EV_3fd67a31,ST008,2025-04-01 17:33:40,2025-04-02 04:47:16,97.47,17.08,84.25,7,65.47,9.35,1.87,grid_stress
EV_085030a2,ST019,2025-04-01 17:34:02,2025-04-02 05:57:19,95.5,16.37,94.33,7,74.45,10.64,1.75,grid_stress
EV_be41f730,ST015,2025-04-01 17:35:35,2025-04-02 09:03:47,97.31,5.34,93.9,7,86.18,12.31,3.16,grid_stress
EV_d8536911,ST015,2025-04-01 17:36:29,2025-04-01 21:16:20,78.82,10.57,80.23,50,54.91,1.1,2.57,grid_stress
EV_0604d573,ST014,2025-04-01 17:36:31,2025-04-02 01:14:07,78.2,8.43,85.94,11,60.62,5.51,2.12,grid_stress
EV_02e1a89b,ST002,2025-04-01 17:37:32,2025-04-01 20:37:56,76.57,17.41,93.24,50,58.06,1.16,1.85,grid_stress
EV_72c739ad,ST011,2025-04-01 17:38:11,2025-04-01 21:04:34,98.37,8.98,94.41,50,84.03,1.68,1.76,grid_stress
EV_16746c4d,ST019,2025-04-01 17:38:29,2025-04-02 02:42:08,70.56,19.08,80.59,7,43.4,6.2,2.86,grid_stress
EV_c7fd4c85,ST015,2025-04-01 17:38:45,2025-04-02 05:50:06,77.73,12.56,99.53,7,67.6,9.66,2.53,grid_stress
EV_cf39c8ac,ST013,2025-04-01 17:38:46,2025-04-02 07:58:38,85.03,8.09,97.87,7,76.34,10.91,3.43,grid_stress
EV_89cd0f08,ST019,2025-04-01 17:38:47,2025-04-02 04:50:43,85.45,16.25,90.33,7,63.3,9.04,2.16,grid_stress
EV_9f0f9e1b,ST012,2025-04-01 17:39:11,2025-04-02 04:52:54,71.69,5.8,94.47,7,63.57,9.08,2.15,grid_stress
EV_e962be24,ST004,2025-04-01 17:39:13,2025-04-02 06:03:51,83.28,5.4,80.32,7,62.39,8.91,3.5,grid_stress
EV_886c6258,ST007,2025-04-01 17:39:49,2025-04-02 08:33:07,85.8,5.08,97.46,7,79.26,11.32,3.56,grid_stress
EV_6605934f,ST020,2025-04-01 17:40:18,2025-04-02 06:39:56,89.2,12.01,88.84,7,68.53,9.79,3.2,grid_stress
EV_7e41f881,ST005,2025-04-01 17:40:35,2025-04-02 02:25:24,79.99,12.5,95.11,11,66.09,6.01,2.74,grid_stress
EV_7c54577c,ST016,2025-04-01 17:43:53,2025-04-02 07:33:09,83.14,5.75,88.87,7,69.11,9.87,3.95,grid_stress
EV_49753ca7,ST017,2025-04-01 17:44:20,2025-04-02 01:31:54,83.1,14.65,92.66,11,64.83,5.89,1.9,grid_stress
EV_2e2b834d,ST009,2025-04-01 17:46:31,2025-04-02 04:59:41,74.81,6.42,94.81,7,66.13,9.45,1.77,grid_stress
EV_ddc79a09,ST012,2025-04-01 17:46:34,2025-04-02 00:59:54,80.46,9.87,89.29,11,63.9,5.81,1.41,grid_stress
EV_402d3e93,ST020,2025-04-01 17:46:56,2025-04-02 05:11:04,86.49,11.59,80.91,7,59.96,8.57,2.84,grid_stress
EV_01d2700e,ST013,2025-04-01 17:47:44,2025-04-01 22:09:24,91.42,16.36,96.73,22,73.46,3.34,1.02,grid_stress
EV_186ff71c,ST008,2025-04-01 17:48:09,2025-04-02 07:32:53,81.6,9.7,96.18,7,70.56,10.08,3.67,grid_stress
EV_3ff47e98,ST011,2025-04-01 17:48:16,2025-04-02 06:37:41,97.01,8.41,82.45,7,71.83,10.26,2.56,grid_stress
EV_5c32fc20,ST002,2025-04-01 17:48:21,2025-04-02 04:56:05,81.26,18.39,82.83,7,52.37,7.48,3.65,grid_stress
EV_bbad767a,ST005,2025-04-01 17:48:28,2025-04-01 22:08:12,94.43,14.81,82.8,22,64.2,2.92,1.41,grid_stress
EV_85b89abd,ST011,2025-04-01 17:48:52,2025-04-02 08:05:00,97.01,12.52,87.86,7,73.09,10.44,3.83,grid_stress
EV_ed9cc590,ST018,2025-04-01 17:49:03,2025-04-02 02:07:46,81.85,6.28,95.93,11,73.38,6.67,1.64,grid_stress
EV_2276ffef,ST008,2025-04-01 17:50:40,2025-04-01 23:01:23,93.71,12.49,88.32,22,71.07,3.23,1.95,grid_stress
EV_d5d64726,ST012,2025-04-01 17:51:00,2025-04-02 00:29:55,80.67,18.17,98.34,22,64.67,2.94,3.71,grid_stress
EV_613f02a5,ST005,2025-04-01 17:51:45,2025-04-01 22:56:08,86.67,10.8,93.86,50,71.99,1.44,3.63,grid_stress
EV_066354f9,ST004,2025-04-01 17:52:33,2025-04-02 03:20:16,96.5,15.27,85.82,11,68.08,6.19,3.27,grid_stress
EV_70a55c56,ST007,2025-04-01 17:53:10,2025-04-01 23:54:35,84.73,8.49,99.2,22,76.86,3.49,2.53,grid_stress
EV_dcfe58da,ST005,2025-04-01 17:53:47,2025-04-02 08:10:56,98.71,14.13,97.6,7,82.38,11.77,2.52,grid_stress
EV_4921d414,ST004,2025-04-01 17:53:51,2025-04-02 04:18:12,87.39,6.42,80.12,7,64.41,9.2,1.2,grid_stress
EV_a6375ce9,ST015,2025-04-01 17:54:24,2025-04-02 01:50:54,88.89,17.28,90.47,11,65.06,5.91,2.03,grid_stress
EV_29023cc5,ST005,2025-04-01 17:54:38,2025-04-02 06:47:45,91.76,11.07,97.37,7,79.19,11.31,1.57,grid_stress
EV_bdc28e41,ST019,2025-04-01 17:54:49,2025-04-02 04:33:25,91.47,19.79,91.82,7,65.88,9.41,1.23,grid_stress
EV_f86aa5da,ST019,2025-04-01 17:55:20,2025-04-01 23:55:19,90.89,19.78,96.22,22,69.48,3.16,2.84,grid_stress
EV_526d03cc,ST006,2025-04-01 17:55:25,2025-04-02 05:27:02,76.3,9.79,88.12,7,59.77,8.54,2.99,grid_stress
EV_ff361551,ST020,2025-04-01 17:55:30,2025-04-02 03:32:01,74.45,18.88,84.05,7,48.52,6.93,2.68,grid_stress
EV_4a8d5e07,ST020,2025-04-01 17:55:36,2025-04-02 06:05:51,95.43,5.22,85.14,7,76.26,10.89,1.28,grid_stress
EV_549ca367,ST017,2025-04-01 17:56:11,2025-04-02 01:03:49,74.84,13.84,81.05,11,50.3,4.57,2.55,grid_stress
EV_e3a862e3,ST017,2025-04-01 17:56:20,2025-04-02 06:13:37,83.72,12.22,99.64,7,73.19,10.46,1.83,grid_stress
EV_56d9c8a5,ST003,2025-04-01 17:56:22,2025-04-02 07:23:00,85.14,10.89,96.79,7,73.14,10.45,3.0,grid_stress
EV_22040cb6,ST013,2025-04-01 17:56:41,2025-04-02 02:21:04,80.18,16.94,84.38,11,54.08,4.92,3.49,grid_stress
EV_5d149e15,ST016,2025-04-01 17:57:07,2025-04-02 04:51:38,88.87,6.31,84.2,7,69.22,9.89,1.02,grid_stress
EV_52b9bd86,ST001,2025-04-01 17:57:26,2025-04-01 23:31:53,92.63,6.45,90.49,22,77.84,3.54,2.04,grid_stress
EV_c6b8ec9d,ST018,2025-04-01 17:58:21,2025-04-02 00:03:00,71.74,17.58,86.35,22,49.34,2.24,3.83,grid_stress
EV_94e222e4,ST019,2025-04-01 17:58:30,2025-04-02 01:23:06,84.4,18.09,81.54,11,53.55,4.87,2.54,grid_stress
EV_08c753fd,ST015,2025-04-01 17:58:52,2025-04-01 21:46:21,90.49,15.29,86.8,50,64.71,1.29,2.5,grid_stress
EV_6fe19978,ST001,2025-04-01 17:59:11,2025-04-02 04:49:40,72.93,14.37,99.65,7,62.2,8.89,1.96,grid_stress
EV_b1c20e90,ST010,2025-04-01 17:59:34,2025-04-01 23:15:09,72.31,19.51,82.74,22,45.72,2.08,3.18,grid_stress
EV_696a5b61,ST020,2025-04-01 18:00:50,2025-04-02 03:40:49,77.9,19.66,90.21,7,54.96,7.85,1.82,grid_stress
EV_a360d6d3,ST018,2025-04-01 18:00:55,2025-04-02 03:42:12,89.01,19.25,85.1,7,58.62,8.37,1.31,grid_stress
EV_ffbb245b,ST003,2025-04-01 18:02:03,2025-04-02 03:34:59,80.41,10.7,80.13,7,55.82,7.97,1.57,grid_stress
EV_97a6ad07,ST013,2025-04-01 18:02:22,2025-04-02 08:59:20,94.56,8.47,99.42,7,86.01,12.29,2.66,grid_stress
EV_d9e2aa6d,ST008,2025-04-01 18:02:26,2025-04-02 05:40:34,80.62,10.8,82.14,7,57.51,8.22,3.42,grid_stress
EV_3ecde51f,ST013,2025-04-01 18:02:27,2025-04-01 23:47:03,71.0,11.46,89.16,22,55.17,2.51,3.24,grid_stress
EV_e849d19e,ST002,2025-04-01 18:02:28,2025-04-02 05:11:55,84.08,13.29,95.06,7,68.75,9.82,1.34,grid_stress
EV_36a6dd32,ST001,2025-04-01 18:02:32,2025-04-02 01:30:06,75.8,16.06,90.33,11,56.29,5.12,2.34,grid_stress
EV_8fece101,ST010,2025-04-01 18:02:42,2025-04-01 21:30:11,89.54,7.65,99.81,50,82.52,1.65,1.81,grid_stress
EV_d7908831,ST015,2025-04-01 18:03:15,2025-04-02 06:07:00,94.73,19.43,93.18,7,69.87,9.98,2.08,grid_stress
EV_0a2375db,ST004,2025-04-01 18:03:18,2025-04-02 03:22:18,82.78,18.2,83.67,7,54.2,7.74,1.57,grid_stress
EV_4e0a9efe,ST018,2025-04-01 18:04:29,2025-04-02 06:10:07,86.67,6.73,80.17,7,63.65,9.09,3.0,grid_stress
EV_3a1d03c5,ST012,2025-04-01 18:04:40,2025-04-02 00:07:39,95.39,6.06,89.02,22,79.13,3.6,2.45,grid_stress
EV_989fe906,ST013,2025-04-01 18:04:45,2025-04-01 22:57:38,72.17,11.19,87.89,22,55.35,2.52,2.37,grid_stress
EV_b86e93bb,ST009,2025-04-01 18:04:53,2025-04-02 03:46:31,94.1,6.09,96.03,11,84.64,7.69,2.0,grid_stress
EV_8377947f,ST015,2025-04-01 18:05:15,2025-04-02 09:50:45,92.48,10.23,99.59,7,82.64,11.81,3.95,grid_stress
EV_686cdf0a,ST006,2025-04-01 18:05:22,2025-04-02 01:51:57,92.21,14.23,94.17,11,73.71,6.7,1.08,grid_stress
EV_2fa79ff1,ST020,2025-04-01 18:05:52,2025-04-02 02:56:41,74.66,14.29,86.18,11,53.67,4.88,3.97,grid_stress
EV_31b6f9e9,ST016,2025-04-01 18:06:40,2025-04-01 23:18:32,98.66,10.31,83.88,22,72.58,3.3,1.9,grid_stress
EV_c0ef0322,ST017,2025-04-01 18:07:17,2025-04-02 03:33:39,83.9,17.42,87.67,7,58.94,8.42,1.02,grid_stress
EV_c23b7912,ST007,2025-04-01 18:07:40,2025-04-01 22:41:19,95.4,17.51,92.75,50,71.78,1.44,3.13,grid_stress
EV_633b26b1,ST012,2025-04-01 18:07:56,2025-04-02 05:10:20,83.34,10.8,93.92,7,69.27,9.9,1.14,grid_stress
EV_186dd7de,ST006,2025-04-01 18:09:02,2025-04-02 04:53:44,79.38,16.8,85.79,7,54.77,7.82,2.92,grid_stress
EV_146f7ff4,ST001,2025-04-01 18:09:11,2025-04-02 04:15:33,99.26,13.2,94.95,11,81.15,7.38,2.73,grid_stress
EV_4d1389ad,ST013,2025-04-01 18:09:11,2025-04-01 22:03:12,77.34,15.53,85.76,22,54.31,2.47,1.43,grid_stress
EV_6fb6d60a,ST012,2025-04-01 18:09:20,2025-04-02 00:31:50,91.68,12.34,82.31,22,64.14,2.92,3.46,grid_stress
EV_0e7226d9,ST014,2025-04-01 18:10:06,2025-04-02 02:05:04,86.02,11.19,89.75,11,67.58,6.14,1.77,grid_stress
EV_88d07119,ST016,2025-04-01 18:10:13,2025-04-02 01:57:01,81.09,7.83,97.57,11,72.77,6.62,1.16,grid_stress
EV_8389ef90,ST010,2025-04-01 18:10:52,2025-04-01 23:09:08,74.28,14.47,99.85,50,63.42,1.27,3.7,grid_stress
EV_9b7bd001,ST001,2025-04-01 18:10:55,2025-04-02 07:14:35,83.49,14.57,93.61,7,65.99,9.43,3.63,grid_stress
EV_83b45175,ST015,2025-04-01 18:10:58,2025-04-02 01:09:08,74.87,5.17,83.61,11,58.72,5.34,1.63,grid_stress
EV_34b71cae,ST008,2025-04-01 18:12:26,2025-04-02 00:45:17,78.97,14.28,80.18,11,52.04,4.73,1.82,grid_stress
EV_34d5fe8e,ST012,2025-04-01 18:12:49,2025-04-02 06:49:08,97.78,12.81,81.28,7,66.95,9.56,3.04,grid_stress
EV_04f79f0a,ST017,2025-04-01 18:12:53,2025-04-02 01:09:05,89.84,9.07,90.5,22,73.16,3.33,3.61,grid_stress
EV_fcf3d3ac,ST006,2025-04-01 18:13:00,2025-04-02 01:00:50,92.68,12.2,90.48,22,72.55,3.3,3.5,grid_stress
EV_6ad848c5,ST006,2025-04-01 18:13:01,2025-04-02 06:47:44,89.55,5.96,83.05,7,69.03,9.86,2.72,grid_stress
EV_d566946e,ST005,2025-04-01 18:13:02,2025-04-02 04:46:47,92.14,10.71,97.57,11,80.04,7.28,3.29,grid_stress
EV_1e182a74,ST003,2025-04-01 18:13:20,2025-04-01 23:08:05,77.46,9.94,96.73,22,67.22,3.06,1.86,grid_stress
EV_ae8378ec,ST016,2025-04-01 18:13:32,2025-04-02 00:44:03,81.48,14.07,99.75,22,69.81,3.17,3.34,grid_stress
EV_46b41a03,ST014,2025-04-01 18:13:37,2025-04-02 07:43:49,91.66,13.88,87.98,7,67.92,9.7,3.8,grid_stress
EV_11ea3ed1,ST010,2025-04-01 18:14:30,2025-04-02 02:51:55,81.87,17.44,80.7,7,51.79,7.4,1.22,grid_stress
EV_0320e613,ST009,2025-04-01 18:15:12,2025-04-02 05:16:37,92.56,10.86,80.75,7,64.69,9.24,1.78,grid_stress
EV_0d61ee73,ST005,2025-04-01 18:15:24,2025-04-02 05:56:03,76.19,11.33,89.15,7,59.29,8.47,3.21,grid_stress
EV_deb007e3,ST003,2025-04-01 18:15:58,2025-04-02 02:36:00,75.72,6.21,90.87,11,64.11,5.83,2.51,grid_stress
EV_0bbcf2c5,ST010,2025-04-01 18:15:58,2025-04-01 21:55:02,78.25,16.24,83.81,22,52.87,2.4,1.25,grid_stress
EV_130505d5,ST020,2025-04-01 18:16:07,2025-04-02 05:56:51,82.68,11.62,87.99,7,63.15,9.02,2.66,grid_stress
EV_e71981e6,ST014,2025-04-01 18:16:50,2025-04-02 01:07:12,76.55,14.36,81.32,11,51.27,4.66,2.18,grid_stress
EV_499eebbf,ST016,2025-04-01 18:16:52,2025-04-02 06:52:58,92.22,9.56,91.67,7,75.72,10.82,1.78,grid_stress
EV_a9837319,ST004,2025-04-01 18:16:58,2025-04-02 06:23:53,91.74,12.69,85.22,7,66.54,9.51,2.61,grid_stress
EV_cafe1d57,ST008,2025-04-01 18:17:24,2025-04-01 23:13:12,86.07,7.39,97.3,22,77.38,3.52,1.41,grid_stress
EV_efa3a69e,ST008,2025-04-01 18:19:24,2025-04-02 00:00:25,79.5,18.45,83.76,22,51.92,2.36,3.32,grid_stress
EV_c8377288,ST002,2025-04-01 18:20:42,2025-04-02 01:17:11,76.1,11.06,91.84,11,61.47,5.59,1.35,grid_stress
EV_016c3e45,ST004,2025-04-01 18:20:43,2025-04-02 01:11:50,98.13,17.52,87.57,22,68.74,3.12,3.73,grid_stress
EV_93003ed7,ST020,2025-04-01 18:21:56,2025-04-02 08:43:32,86.43,14.32,99.69,7,73.78,10.54,3.82,grid_stress
EV_0f32c79e,ST010,2025-04-01 18:22:01,2025-04-01 23:14:42,73.77,6.59,80.31,22,54.38,2.47,2.41,grid_stress
EV_3275033d,ST009,2025-04-01 18:22:10,2025-04-02 08:38:35,93.33,11.49,88.9,7,72.25,10.32,3.95,grid_stress
EV_b443f154,ST004,2025-04-01 18:22:11,2025-04-02 06:46:58,85.69,10.28,82.07,7,61.51,8.79,3.63,grid_stress
EV_98e358e2,ST020,2025-04-01 18:22:32,2025-04-02 04:50:33,98.7,12.96,99.61,11,85.52,7.77,2.69,grid_stress
EV_7c1c2c9c,ST007,2025-04-01 18:22:34,2025-04-01 21:27:22,89.37,7.55,99.76,50,82.41,1.65,1.43,grid_stress
EV_44748bde,ST013,2025-04-01 18:22:44,2025-04-02 03:24:22,85.05,12.66,87.33,11,63.51,5.77,3.25,grid_stress
EV_49fe6b7b,ST002,2025-04-01 18:22:55,2025-04-02 00:15:30,71.89,19.38,94.04,22,53.67,2.44,3.44,grid_stress
EV_1a0999cc,ST011,2025-04-01 18:24:09,2025-04-02 04:47:54,74.08,12.88,98.18,7,63.19,9.03,1.37,grid_stress
EV_6ad9e7c6,ST002,2025-04-01 18:25:16,2025-04-02 05:39:16,79.78,13.46,89.7,7,60.82,8.69,2.54,grid_stress
EV_7b10a962,ST006,2025-04-01 18:26:48,2025-04-02 01:47:26,97.69,18.39,85.14,11,65.2,5.93,1.42,grid_stress
EV_22ccac11,ST012,2025-04-01 18:27:02,2025-04-02 05:20:43,94.96,10.75,80.51,7,66.24,9.46,1.43,grid_stress
EV_ff18b8d5,ST009,2025-04-01 18:27:08,2025-04-02 06:48:31,99.92,16.11,92.05,7,75.88,10.84,1.52,grid_stress
EV_3b977be3,ST013,2025-04-01 18:27:08,2025-04-02 02:14:11,70.09,13.17,90.82,11,54.42,4.95,2.84,grid_stress
EV_0379e919,ST011,2025-04-01 18:27:13,2025-04-02 01:11:28,92.73,15.85,99.62,22,77.68,3.53,3.21,grid_stress
EV_c8fb63f5,ST017,2025-04-01 18:27:22,2025-04-02 02:12:50,75.39,10.86,94.34,11,62.94,5.72,2.04,grid_stress
EV_ef52ac40,ST007,2025-04-01 18:27:34,2025-04-02 03:00:10,92.36,9.87,94.35,11,78.02,7.09,1.45,grid_stress
EV_06a349d0,ST003,2025-04-01 18:27:40,2025-04-02 02:12:21,70.45,17.72,94.2,11,53.88,4.9,2.85,grid_stress
EV_ea9f6687,ST005,2025-04-01 18:28:04,2025-04-02 01:44:44,77.64,7.2,83.2,11,59.01,5.36,1.91,grid_stress
EV_71be31cb,ST009,2025-04-01 18:28:34,2025-04-02 07:38:58,91.51,7.81,84.18,7,69.89,9.98,3.19,grid_stress
EV_24bc2fa5,ST014,2025-04-01 18:28:41,2025-04-02 04:46:52,93.16,16.22,94.72,11,73.13,6.65,3.65,grid_stress
EV_d21ddf74,ST003,2025-04-01 18:28:51,2025-04-02 05:24:06,72.71,8.28,92.55,7,61.27,8.75,2.17,grid_stress
EV_9b10dbb2,ST006,2025-04-01 18:29:52,2025-04-02 00:15:38,73.68,10.25,97.85,22,64.55,2.93,2.83,grid_stress
EV_b214fd90,ST014,2025-04-01 18:29:53,2025-04-02 04:34:47,82.3,10.66,83.08,7,59.59,8.51,1.57,grid_stress
EV_a93d9f30,ST006,2025-04-01 18:30:09,2025-04-01 23:44:21,81.46,19.06,93.06,22,60.28,2.74,2.5,grid_stress
EV_b7f10cc7,ST001,2025-04-01 18:30:33,2025-04-02 02:17:59,72.02,8.64,87.83,11,57.03,5.18,2.61,grid_stress
EV_a31ec42c,ST007,2025-04-01 18:30:33,2025-04-02 06:39:07,71.67,13.13,96.51,7,59.75,8.54,3.61,grid_stress
EV_292a6d93,ST018,2025-04-01 18:31:41,2025-04-02 06:08:57,97.02,15.18,83.36,7,66.15,9.45,2.17,grid_stress
EV_6fdfd523,ST012,2025-04-01 18:31:45,2025-04-02 08:13:35,75.58,6.66,97.68,7,68.8,9.83,3.87,grid_stress
EV_450c86ea,ST016,2025-04-01 18:31:46,2025-04-02 06:24:28,96.22,16.62,84.77,7,65.58,9.37,2.51,grid_stress
EV_37a33330,ST008,2025-04-01 18:31:58,2025-04-02 02:54:48,88.29,12.8,89.36,11,67.6,6.15,2.24,grid_stress
EV_f6f3240f,ST003,2025-04-01 18:32:25,2025-04-02 10:27:30,98.67,5.4,98.93,7,92.28,13.18,2.73,grid_stress
EV_471bc860,ST011,2025-04-01 18:32:49,2025-04-02 03:17:43,72.52,7.41,86.63,11,57.45,5.22,3.53,grid_stress
EV_f0520904,ST004,2025-04-01 18:33:26,2025-04-01 23:41:09,74.81,12.67,98.89,22,64.5,2.93,2.2,grid_stress
EV_5c062f4a,ST008,2025-04-01 18:34:14,2025-04-02 07:00:54,90.32,14.31,96.82,7,74.52,10.65,1.8,grid_stress
EV_6fba4104,ST003,2025-04-01 18:34:57,2025-04-02 07:26:53,83.18,11.35,98.29,7,72.31,10.33,2.54,grid_stress
EV_b767d54e,ST013,2025-04-01 18:35:04,2025-04-01 23:12:09,95.14,5.82,91.08,50,81.12,1.62,3.0,grid_stress
EV_f5729ae5,ST007,2025-04-01 18:35:17,2025-04-02 01:08:51,86.24,13.49,83.53,11,60.4,5.49,1.07,grid_stress
EV_7f87e05f,ST014,2025-04-01 18:36:33,2025-04-02 02:52:14,79.11,5.31,88.81,11,66.06,6.01,2.26,grid_stress
EV_bc12f3a7,ST006,2025-04-01 18:36:55,2025-04-02 07:27:10,92.24,5.75,93.17,7,80.64,11.52,1.32,grid_stress
EV_e7f41c4f,ST004,2025-04-01 18:37:07,2025-04-02 04:14:50,72.58,5.57,95.24,11,65.08,5.92,3.71,grid_stress
EV_615d84f4,ST017,2025-04-01 18:37:50,2025-04-02 04:24:47,93.33,10.89,80.21,11,64.69,5.88,3.9,grid_stress
EV_a30e5459,ST014,2025-04-01 18:38:08,2025-04-02 06:13:32,84.98,9.89,81.53,7,60.88,8.7,2.89,grid_stress
EV_53c602ad,ST012,2025-04-01 18:38:53,2025-04-02 05:46:58,86.13,12.35,84.58,7,62.21,8.89,2.25,grid_stress
EV_defdaf51,ST003,2025-04-01 18:39:12,2025-04-02 06:56:07,89.24,10.96,89.06,7,69.7,9.96,2.33,grid_stress
EV_e05b1fa2,ST017,2025-04-01 18:39:19,2025-04-02 09:48:04,94.78,6.8,98.24,7,86.67,12.38,2.76,grid_stress
EV_ec963b9a,ST001,2025-04-01 18:39:22,2025-04-02 04:41:51,99.86,11.27,95.72,11,84.33,7.67,2.38,grid_stress
EV_b4b4f8fb,ST007,2025-04-01 18:39:53,2025-04-02 02:38:33,80.28,13.14,91.09,11,62.58,5.69,2.29,grid_stress
EV_419de2a0,ST001,2025-04-01 18:40:37,2025-04-01 23:04:16,84.64,5.53,94.65,50,75.43,1.51,2.89,grid_stress
EV_1d037982,ST009,2025-04-01 18:41:06,2025-04-01 23:23:55,96.78,10.59,86.16,50,73.14,1.46,3.25,grid_stress
EV_ea34ba52,ST002,2025-04-01 18:41:19,2025-04-02 02:50:00,92.16,10.69,81.79,11,65.53,5.96,2.19,grid_stress
EV_918a7153,ST018,2025-04-01 18:41:33,2025-04-02 05:58:10,95.49,17.54,89.63,7,68.84,9.83,1.44,grid_stress
EV_92b0bb16,ST013,2025-04-01 18:41:43,2025-04-02 02:55:06,83.61,10.17,84.22,11,61.91,5.63,2.59,grid_stress
EV_ac91620a,ST003,2025-04-01 18:42:15,2025-04-02 07:15:38,76.12,13.55,92.42,7,60.03,8.58,3.98,grid_stress
EV_27f4b41b,ST004,2025-04-01 18:42:24,2025-04-02 05:06:04,90.1,13.63,99.81,11,77.66,7.06,3.34,grid_stress
EV_1db2ba87,ST010,2025-04-01 18:43:09,2025-04-02 08:17:22,83.52,10.96,95.93,7,70.97,10.14,3.43,grid_stress
EV_fb44bc95,ST019,2025-04-01 18:43:26,2025-04-02 01:50:15,79.48,8.87,93.43,11,67.21,6.11,1.0,grid_stress
EV_dcea1d9f,ST006,2025-04-01 18:44:02,2025-04-02 04:13:25,82.68,7.45,80.85,11,60.69,5.52,3.97,grid_stress
EV_beaed776,ST006,2025-04-01 18:44:19,2025-04-02 09:43:36,92.74,13.61,97.82,7,78.1,11.16,3.83,grid_stress
EV_07af4cee,ST018,2025-04-01 18:44:36,2025-04-01 22:32:42,79.26,18.18,92.59,22,58.98,2.68,1.12,grid_stress
EV_2a3865db,ST014,2025-04-01 18:45:17,2025-04-02 03:09:41,80.0,16.13,93.74,11,62.09,5.64,2.76,grid_stress
EV_167865e7,ST011,2025-04-01 18:45:30,2025-04-02 08:41:28,99.71,17.51,88.63,7,70.91,10.13,3.8,grid_stress
EV_9ed75bee,ST003,2025-04-01 18:45:47,2025-04-02 05:40:38,83.74,18.13,93.04,7,62.73,8.96,1.95,grid_stress
EV_00757248,ST003,2025-04-01 18:45:52,2025-04-02 01:27:40,95.77,19.73,89.65,22,66.97,3.04,3.65,grid_stress
EV_f3c494a1,ST007,2025-04-01 18:46:06,2025-04-02 06:29:23,83.93,9.47,96.94,7,73.41,10.49,1.23,grid_stress
EV_69711eaa,ST006,2025-04-01 18:46:19,2025-04-02 07:27:08,91.01,14.74,87.69,7,66.39,9.48,3.2,grid_stress
EV_af24bbf9,ST019,2025-04-01 18:46:53,2025-04-02 03:59:04,76.36,19.16,81.17,7,47.35,6.76,2.44,grid_stress
EV_71e2e363,ST019,2025-04-01 18:46:56,2025-04-02 07:35:29,90.52,8.66,93.34,7,76.65,10.95,1.86,grid_stress
EV_971476ab,ST015,2025-04-01 18:47:09,2025-04-02 00:59:57,72.2,8.13,94.9,22,62.64,2.85,3.37,grid_stress
EV_4895aa2e,ST003,2025-04-01 18:48:09,2025-04-02 01:59:40,91.24,10.69,89.51,22,71.91,3.27,3.92,grid_stress
EV_407875e7,ST003,2025-04-01 18:48:37,2025-04-01 22:55:41,84.87,17.82,96.49,50,66.76,1.34,2.78,grid_stress
EV_819456ff,ST008,2025-04-01 18:48:46,2025-04-02 05:49:14,73.2,11.14,88.87,7,56.89,8.13,2.88,grid_stress
EV_33d0b335,ST010,2025-04-01 18:49:39,2025-04-02 06:49:20,88.58,14.1,84.56,7,62.41,8.92,3.08,grid_stress
EV_37d2affe,ST019,2025-04-01 18:50:46,2025-04-02 03:11:47,72.16,17.61,98.75,11,58.55,5.32,3.03,grid_stress
EV_4f2da958,ST004,2025-04-01 18:50:54,2025-04-02 06:53:32,93.32,9.27,87.73,7,73.22,10.46,1.58,grid_stress
EV_c3727a59,ST018,2025-04-01 18:51:09,2025-04-02 01:03:20,70.19,19.86,89.04,22,48.55,2.21,4.0,grid_stress
EV_a989e7fe,ST018,2025-04-01 18:51:46,2025-04-02 06:24:01,85.68,12.85,85.96,7,62.65,8.95,2.59,grid_stress
EV_e4edae6b,ST009,2025-04-01 18:52:50,2025-04-02 05:18:49,98.38,13.26,86.14,11,71.7,6.52,3.92,grid_stress
EV_d452cfb3,ST016,2025-04-01 18:52:55,2025-04-02 05:07:42,77.22,19.08,88.28,7,53.44,7.63,2.61,grid_stress
EV_172518dc,ST008,2025-04-01 18:53:50,2025-04-01 23:19:50,83.05,17.38,82.33,22,53.94,2.45,1.98,grid_stress
EV_bee11134,ST014,2025-04-01 18:54:37,2025-04-02 05:13:37,72.55,19.75,92.76,7,52.97,7.57,2.75,grid_stress
EV_44538ed4,ST001,2025-04-01 18:55:01,2025-04-02 00:06:13,80.97,9.93,89.76,22,64.64,2.94,2.25,grid_stress
EV_ff380493,ST014,2025-04-01 18:55:28,2025-04-01 23:34:14,91.19,14.38,93.43,22,72.09,3.28,1.37,grid_stress
EV_1791cdf2,ST004,2025-04-01 18:55:44,2025-04-01 21:34:31,85.62,6.23,84.49,50,67.0,1.34,1.31,grid_stress
EV_0604f207,ST019,2025-04-01 18:56:21,2025-04-02 01:21:45,79.92,18.69,94.59,22,60.66,2.76,3.67,grid_stress
EV_89645594,ST012,2025-04-01 18:56:27,2025-04-02 05:55:04,77.97,17.29,91.3,7,57.7,8.24,2.73,grid_stress
EV_215c4eba,ST010,2025-04-01 18:59:40,2025-04-02 07:23:31,83.78,13.58,94.51,7,67.8,9.69,2.71,grid_stress
EV_4610d434,ST016,2025-04-01 18:59:44,2025-04-02 02:44:25,72.16,11.75,82.62,11,51.14,4.65,3.1,grid_stress
EV_3c4a8144,ST001,2025-04-01 18:59:49,2025-04-02 00:33:39,99.84,18.61,96.45,22,77.71,3.53,2.03,grid_stress
EV_d501518c,ST001,2025-04-01 19:00:01,2025-04-02 07:30:32,85.12,9.69,96.49,7,73.88,10.55,1.95,grid_stress
EV_39a1ee07,ST005,2025-04-01 19:00:29,2025-04-02 01:19:36,79.69,13.93,90.45,22,60.98,2.77,3.55,grid_stress
EV_e9882847,ST013,2025-04-01 19:00:36,2025-04-02 01:15:42,88.54,16.82,81.79,22,57.52,2.61,3.64,grid_stress
EV_8facd4b2,ST011,2025-04-01 19:00:43,2025-04-01 23:50:25,76.13,6.71,90.69,22,63.94,2.91,1.92,grid_stress
EV_c8d66dba,ST011,2025-04-01 19:01:36,2025-04-02 07:23:58,99.52,11.99,85.19,7,72.85,10.41,1.97,grid_stress
EV_ea35751c,ST004,2025-04-01 19:01:39,2025-04-02 04:21:45,74.33,19.76,85.67,7,48.99,7.0,2.34,grid_stress
EV_93f009f2,ST014,2025-04-01 19:01:49,2025-04-02 06:51:08,89.92,17.92,98.88,7,72.8,10.4,1.42,grid_stress
EV_3cf6e1da,ST011,2025-04-01 19:01:54,2025-04-01 23:46:05,84.52,17.58,99.56,22,69.29,3.15,1.59,grid_stress
EV_b72552d5,ST005,2025-04-01 19:02:27,2025-04-01 22:56:21,96.84,6.22,97.8,50,88.69,1.77,2.12,grid_stress
EV_ca56cb19,ST018,2025-04-01 19:02:32,2025-04-01 21:23:03,84.9,17.84,91.79,50,62.79,1.26,1.09,grid_stress
EV_e449249c,ST004,2025-04-01 19:02:33,2025-04-02 08:26:22,98.45,14.96,99.21,7,82.95,11.85,1.55,grid_stress
EV_5c86234b,ST001,2025-04-01 19:03:57,2025-04-02 05:08:54,80.35,19.62,82.93,7,50.88,7.27,2.81,grid_stress
EV_af6ca63f,ST020,2025-04-01 19:04:03,2025-04-02 01:50:18,84.47,18.07,98.55,22,67.99,3.09,3.68,grid_stress
EV_37bac284,ST018,2025-04-01 19:05:10,2025-04-02 02:03:43,96.94,13.12,97.43,22,81.72,3.71,3.26,grid_stress
EV_cd15c54b,ST004,2025-04-01 19:05:16,2025-04-02 01:31:40,74.88,7.84,85.08,22,57.84,2.63,3.81,grid_stress
EV_2b46a8b3,ST011,2025-04-01 19:05:32,2025-04-02 04:23:45,79.32,15.52,80.41,7,51.47,7.35,1.95,grid_stress
EV_2e128ac4,ST002,2025-04-01 19:05:50,2025-04-02 00:32:28,98.59,5.84,80.04,50,73.16,1.46,3.98,grid_stress
EV_b88fd84a,ST020,2025-04-01 19:07:08,2025-04-02 05:21:06,85.6,14.16,86.38,7,61.82,8.83,1.4,grid_stress
EV_62d2fe3a,ST002,2025-04-01 19:07:49,2025-04-02 02:59:22,87.41,6.29,92.57,11,75.41,6.86,1.0,grid_stress
EV_8e80db8e,ST001,2025-04-01 19:07:50,2025-04-02 04:11:17,71.62,18.86,87.4,7,49.09,7.01,2.04,grid_stress
EV_58f5234f,ST019,2025-04-01 19:07:59,2025-04-02 00:12:44,86.06,14.19,84.56,22,60.57,2.75,2.33,grid_stress
EV_686c0985,ST001,2025-04-01 19:08:08,2025-04-02 01:52:56,92.89,10.79,96.1,22,79.24,3.6,3.14,grid_stress
EV_b24a6701,ST015,2025-04-01 19:08:16,2025-04-01 23:54:45,91.26,6.74,84.3,50,70.77,1.42,3.36,grid_stress
EV_d564340f,ST002,2025-04-01 19:08:17,2025-04-02 03:25:04,75.09,15.32,86.43,11,53.39,4.85,3.43,grid_stress
EV_b20685d9,ST013,2025-04-01 19:08:38,2025-04-02 07:37:48,81.86,9.89,89.86,7,65.46,9.35,3.13,grid_stress
EV_6e3f1055,ST020,2025-04-01 19:09:14,2025-04-02 07:43:31,82.65,8.98,98.58,7,74.06,10.58,1.99,grid_stress
EV_153b6184,ST001,2025-04-01 19:09:30,2025-04-02 04:45:15,82.73,13.77,80.69,7,55.37,7.91,1.69,grid_stress
EV_a36918bb,ST005,2025-04-01 19:10:28,2025-04-02 05:29:40,75.4,8.25,81.99,7,55.6,7.94,2.38,grid_stress
EV_67d6846d,ST012,2025-04-01 19:10:41,2025-04-02 03:41:13,74.33,6.43,99.08,11,68.87,6.26,2.25,grid_stress
EV_7da75130,ST004,2025-04-01 19:11:05,2025-04-02 04:06:32,95.62,5.22,85.29,11,76.57,6.96,1.96,grid_stress
EV_78a07d3c,ST001,2025-04-01 19:12:33,2025-04-01 23:43:45,91.93,17.35,88.1,50,65.04,1.3,3.22,grid_stress
EV_9796e903,ST006,2025-04-01 19:12:40,2025-04-01 22:09:38,81.75,14.98,86.2,50,58.22,1.16,1.78,grid_stress
EV_f709560d,ST002,2025-04-01 19:13:24,2025-04-01 22:55:11,96.23,8.2,86.96,50,75.79,1.52,2.18,grid_stress
EV_dd359845,ST012,2025-04-01 19:13:40,2025-04-02 09:56:21,91.77,10.55,94.91,7,77.41,11.06,3.65,grid_stress
EV_0d02fba9,ST019,2025-04-01 19:14:02,2025-04-02 04:57:52,79.77,11.49,93.59,11,65.5,5.95,3.78,grid_stress
EV_6680617c,ST013,2025-04-01 19:14:04,2025-04-02 00:20:07,70.25,18.83,89.83,22,49.88,2.27,2.83,grid_stress
EV_1e73a14d,ST002,2025-04-01 19:14:22,2025-04-02 00:54:17,88.41,14.31,82.4,22,60.2,2.74,2.93,grid_stress
EV_a3771788,ST010,2025-04-01 19:14:33,2025-04-02 04:05:28,71.09,18.44,83.93,7,46.56,6.65,2.2,grid_stress
EV_81edc1d9,ST015,2025-04-01 19:14:43,2025-04-02 08:00:54,79.77,7.43,84.63,7,61.58,8.8,3.97,grid_stress
EV_ca0b0b60,ST020,2025-04-01 19:15:31,2025-04-01 23:35:14,71.51,18.86,85.38,22,47.57,2.16,2.17,grid_stress
EV_033487d3,ST008,2025-04-01 19:15:56,2025-04-02 01:53:48,98.72,16.02,88.24,22,71.29,3.24,3.39,grid_stress
EV_ff30c42f,ST012,2025-04-01 19:16:38,2025-04-02 06:29:40,85.9,14.99,88.14,7,62.83,8.98,2.24,grid_stress
EV_c748b223,ST017,2025-04-01 19:17:14,2025-04-02 07:39:01,80.91,11.88,90.04,7,63.23,9.03,3.33,grid_stress
EV_dd6948e7,ST001,2025-04-01 19:17:39,2025-04-02 01:40:58,72.92,11.08,98.92,22,64.05,2.91,3.48,grid_stress
EV_0e46bc7b,ST013,2025-04-01 19:18:20,2025-04-02 09:01:37,81.19,7.55,97.99,7,73.42,10.49,3.23,grid_stress
EV_5c14b861,ST015,2025-04-01 19:18:53,2025-04-02 04:22:16,75.0,6.27,85.63,11,59.52,5.41,3.65,grid_stress
EV_03d261e1,ST006,2025-04-01 19:19:36,2025-04-02 00:57:36,83.91,12.9,94.15,22,68.17,3.1,2.53,grid_stress
EV_03f53ab6,ST001,2025-04-01 19:19:48,2025-04-02 08:03:01,82.0,10.3,86.97,7,62.88,8.98,3.74,grid_stress
EV_d5f1f546,ST001,2025-04-01 19:20:14,2025-04-02 03:00:50,74.13,7.68,91.71,11,62.28,5.66,2.01,grid_stress
EV_8cb9fac5,ST014,2025-04-01 19:21:37,2025-04-02 02:12:54,71.47,8.11,81.85,11,52.7,4.79,2.06,grid_stress
EV_2bb0c343,ST016,2025-04-01 19:22:00,2025-04-02 00:10:59,90.88,18.35,83.25,22,58.98,2.68,2.14,grid_stress
EV_d97d80f9,ST020,2025-04-01 19:22:14,2025-04-02 05:36:21,80.46,16.86,86.9,7,56.36,8.05,2.18,grid_stress
EV_42fc357d,ST016,2025-04-01 19:22:36,2025-04-02 06:08:47,98.61,17.67,83.25,7,64.67,9.24,1.53,grid_stress
EV_c1595ffb,ST012,2025-04-01 19:22:36,2025-04-02 06:36:22,75.51,18.3,99.62,7,61.4,8.77,2.46,grid_stress
EV_47fc5f1a,ST017,2025-04-01 19:23:01,2025-04-02 04:56:38,83.77,18.4,83.15,7,54.24,7.75,1.81,grid_stress
EV_129f43fb,ST016,2025-04-01 19:23:38,2025-04-01 23:37:59,79.29,7.16,85.67,22,62.25,2.83,1.41,grid_stress
EV_e3fb2abe,ST012,2025-04-01 19:23:41,2025-04-02 04:56:45,73.75,5.82,83.18,7,57.05,8.15,1.4,grid_stress
EV_71603df1,ST007,2025-04-01 19:24:36,2025-04-02 03:15:45,72.84,15.47,91.72,11,55.54,5.05,2.8,grid_stress
EV_4cbd40e5,ST001,2025-04-01 19:24:54,2025-04-02 04:10:26,76.3,19.69,81.74,7,47.34,6.76,2.0,grid_stress
EV_bb3fd24f,ST019,2025-04-01 19:25:30,2025-04-02 02:21:07,96.5,19.48,92.78,22,70.74,3.22,3.71,grid_stress
EV_ff7b90d8,ST018,2025-04-01 19:25:34,2025-04-02 05:50:11,99.24,5.42,89.95,11,83.89,7.63,2.78,grid_stress
EV_b028be0d,ST008,2025-04-01 19:26:09,2025-04-02 09:56:20,90.22,6.32,93.24,7,78.41,11.2,3.3,grid_stress
EV_ee65e939,ST010,2025-04-01 19:26:28,2025-04-02 08:05:27,80.87,11.13,95.75,7,68.44,9.78,2.87,grid_stress
EV_6f1bca33,ST009,2025-04-01 19:26:56,2025-04-02 00:47:40,98.95,10.18,94.0,50,82.94,1.66,3.69,grid_stress
EV_785564a8,ST019,2025-04-01 19:29:08,2025-04-02 02:17:05,71.22,11.67,90.2,11,55.93,5.08,1.71,grid_stress
EV_00d3beb6,ST006,2025-04-01 19:29:14,2025-04-02 01:56:51,81.79,5.67,95.61,22,73.57,3.34,3.12,grid_stress
EV_6b322027,ST016,2025-04-01 19:29:48,2025-04-01 23:23:14,81.83,15.36,90.88,22,61.8,2.81,1.08,grid_stress
EV_c0d51d94,ST020,2025-04-01 19:30:00,2025-04-02 03:16:46,72.46,9.13,87.32,11,56.66,5.15,2.63,grid_stress
EV_7649a3a2,ST005,2025-04-01 19:30:16,2025-04-02 09:13:10,83.71,10.67,99.7,7,74.53,10.65,3.07,grid_stress
EV_02393546,ST012,2025-04-01 19:30:26,2025-04-02 04:33:55,90.88,7.21,93.18,11,78.13,7.1,1.96,grid_stress
EV_d92f37a3,ST012,2025-04-01 19:30:47,2025-04-02 08:54:42,86.1,9.42,98.26,7,76.5,10.93,2.47,grid_stress
EV_bf1d4364,ST001,2025-04-01 19:31:23,2025-04-02 10:40:45,94.94,5.4,96.34,7,86.33,12.33,2.82,grid_stress
EV_6ab15cfa,ST006,2025-04-01 19:31:30,2025-04-02 09:43:22,99.96,8.39,95.92,7,87.5,12.5,1.7,grid_stress
EV_e3c0a8c7,ST013,2025-04-01 19:31:34,2025-04-01 23:14:21,71.17,19.27,84.98,22,46.76,2.13,1.59,grid_stress
EV_cef4429b,ST002,2025-04-01 19:31:44,2025-04-02 00:37:17,76.39,8.33,95.78,22,66.8,3.04,2.06,grid_stress
EV_171d421a,ST010,2025-04-01 19:32:37,2025-04-02 04:40:30,73.88,18.03,83.47,7,48.34,6.91,2.23,grid_stress
EV_f150ba45,ST004,2025-04-01 19:33:01,2025-04-02 05:16:49,79.02,15.9,83.1,7,53.1,7.59,2.14,grid_stress
EV_2c46a899,ST018,2025-04-01 19:33:02,2025-04-02 03:54:35,70.15,9.65,95.55,11,60.26,5.48,2.88,grid_stress
EV_a68cd274,ST006,2025-04-01 19:33:19,2025-04-02 06:50:44,89.6,13.0,86.72,7,66.06,9.44,1.85,grid_stress
EV_6703b28b,ST020,2025-04-01 19:33:35,2025-04-02 00:07:52,95.8,12.92,87.12,22,71.09,3.23,1.34,grid_stress
EV_52427c6f,ST014,2025-04-01 19:33:39,2025-04-02 07:13:53,98.04,17.61,85.91,7,66.96,9.57,2.1,grid_stress
EV_d4c5c190,ST009,2025-04-01 19:34:20,2025-04-02 08:45:51,80.03,6.76,95.73,7,71.21,10.17,3.02,grid_stress
EV_e5a98c02,ST002,2025-04-01 19:34:23,2025-04-02 05:44:48,95.83,17.39,96.27,11,75.59,6.87,3.3,grid_stress
EV_2bac754a,ST020,2025-04-01 19:35:16,2025-04-02 04:48:36,91.38,7.6,81.56,11,67.58,6.14,3.08,grid_stress
EV_a0156f3c,ST020,2025-04-01 19:36:00,2025-04-02 02:15:03,99.95,17.05,80.91,22,63.83,2.9,3.75,grid_stress
EV_cf2635c0,ST018,2025-04-01 19:36:01,2025-04-02 08:41:40,84.52,5.98,96.64,7,76.62,10.95,2.15,grid_stress
EV_3a7b41c3,ST013,2025-04-01 19:36:26,2025-04-01 23:09:49,84.94,5.22,84.22,50,67.09,1.34,2.21,grid_stress
EV_3b373464,ST007,2025-04-01 19:36:33,2025-04-02 08:16:17,85.1,11.23,83.38,7,61.39,8.77,3.89,grid_stress
EV_3b74931c,ST006,2025-04-01 19:36:50,2025-04-02 05:21:44,72.12,6.72,87.41,7,58.2,8.31,1.43,grid_stress
EV_03592fdd,ST009,2025-04-01 19:37:17,2025-04-02 03:09:53,82.05,18.47,92.48,11,60.73,5.52,2.02,grid_stress
EV_763003ad,ST008,2025-04-01 19:38:00,2025-04-02 06:17:41,75.52,8.45,87.92,7,60.02,8.57,2.09,grid_stress
EV_7299bee3,ST010,2025-04-01 19:38:09,2025-04-02 04:01:36,72.91,12.16,80.05,7,49.5,7.07,1.32,grid_stress
EV_d2a61d7f,ST016,2025-04-01 19:38:34,2025-04-02 01:43:28,93.94,10.19,88.57,22,73.63,3.35,2.73,grid_stress
EV_0179ab9b,ST007,2025-04-01 19:38:42,2025-04-02 05:06:44,88.56,6.81,91.44,11,74.95,6.81,2.65,grid_stress
EV_376ebbaf,ST017,2025-04-01 19:38:43,2025-04-02 09:18:36,97.46,8.37,82.8,7,72.54,10.36,3.3,grid_stress
EV_248efeaf,ST013,2025-04-01 19:38:52,2025-04-02 09:26:09,94.06,13.2,96.91,7,78.73,11.25,2.54,grid_stress
EV_ce4ce4e6,ST005,2025-04-01 19:39:25,2025-04-02 00:52:52,86.59,6.22,95.09,22,76.96,3.5,1.73,grid_stress
EV_0599da95,ST017,2025-04-01 19:40:02,2025-04-02 00:06:07,74.04,5.23,97.6,22,68.39,3.11,1.33,grid_stress
EV_eb7c249c,ST009,2025-04-01 19:40:03,2025-04-02 03:54:30,86.38,15.01,95.39,11,69.44,6.31,1.93,grid_stress
EV_99de3b7c,ST001,2025-04-01 19:40:39,2025-04-01 23:19:14,88.45,7.8,84.34,50,67.7,1.35,2.29,grid_stress
EV_ac1470fb,ST007,2025-04-01 19:40:39,2025-04-02 07:53:22,78.87,17.54,95.47,7,61.47,8.78,3.43,grid_stress
EV_7bdf6e2c,ST016,2025-04-01 19:40:46,2025-04-02 05:38:09,92.25,13.83,89.88,11,70.16,6.38,3.58,grid_stress
EV_04e5b46f,ST011,2025-04-01 19:40:52,2025-04-01 22:21:58,88.26,13.2,98.23,50,75.04,1.5,1.18,grid_stress
EV_b759a9d0,ST015,2025-04-01 19:40:55,2025-04-02 00:50:40,86.84,11.67,91.26,22,69.12,3.14,2.02,grid_stress
EV_226b06ae,ST010,2025-04-01 19:41:29,2025-04-02 08:06:33,94.45,8.25,87.81,7,75.14,10.73,1.68,grid_stress
EV_6f3b7a3d,ST008,2025-04-01 19:42:17,2025-04-02 02:41:53,97.1,16.51,85.23,22,66.73,3.03,3.96,grid_stress
EV_2e349782,ST012,2025-04-01 19:42:18,2025-04-02 06:02:10,81.6,19.08,89.02,7,57.08,8.15,2.18,grid_stress
EV_d4a87c77,ST004,2025-04-01 19:44:03,2025-04-01 23:22:13,92.86,6.27,98.0,50,85.18,1.7,1.93,grid_stress
EV_bb56f0d8,ST012,2025-04-01 19:44:42,2025-04-02 05:34:57,89.76,15.57,94.21,11,70.59,6.42,3.42,grid_stress
EV_61f13122,ST015,2025-04-01 19:45:07,2025-04-02 02:15:12,74.04,18.66,92.33,11,54.55,4.96,1.54,grid_stress
EV_06336b77,ST019,2025-04-01 19:45:08,2025-04-02 04:05:26,71.4,18.76,87.65,11,49.19,4.47,3.87,grid_stress
EV_c719b1c7,ST008,2025-04-01 19:45:11,2025-04-02 08:46:29,92.7,11.91,94.05,7,76.14,10.88,2.14,grid_stress
EV_b8d68fe5,ST010,2025-04-01 19:45:25,2025-04-02 05:24:24,98.45,16.04,94.03,11,76.78,6.98,2.67,grid_stress
EV_eb61ddd4,ST010,2025-04-01 19:46:08,2025-04-02 04:15:29,78.78,7.53,95.35,11,69.18,6.29,2.2,grid_stress
EV_252e47b2,ST001,2025-04-01 19:47:25,2025-04-02 00:27:00,87.76,17.77,98.74,50,71.05,1.42,3.24,grid_stress
EV_32617ba9,ST016,2025-04-01 19:47:28,2025-04-02 01:58:25,91.75,5.25,87.13,22,75.13,3.42,2.77,grid_stress
EV_27783aa6,ST008,2025-04-01 19:47:39,2025-04-02 05:16:49,99.47,18.51,86.82,11,67.95,6.18,3.31,grid_stress
EV_8fccefca,ST006,2025-04-01 19:47:53,2025-04-02 04:12:58,70.57,16.81,86.42,7,49.12,7.02,1.4,grid_stress
EV_a2d5dbb7,ST001,2025-04-01 19:48:26,2025-04-01 22:53:27,83.72,15.65,98.08,50,69.01,1.38,1.7,grid_stress
EV_05387f3a,ST001,2025-04-01 19:48:57,2025-04-02 04:06:28,89.25,16.41,82.43,11,58.93,5.36,2.93,grid_stress
EV_2ba931df,ST009,2025-04-01 19:49:48,2025-04-02 09:18:46,94.18,13.1,90.29,7,72.7,10.39,3.1,grid_stress
EV_a568c025,ST009,2025-04-01 19:51:54,2025-04-02 06:35:12,76.38,19.93,86.93,7,51.17,7.31,3.41,grid_stress
EV_d7b57cf2,ST014,2025-04-01 19:52:10,2025-04-02 08:26:16,88.35,8.77,88.25,7,70.22,10.03,2.54,grid_stress
EV_ea9798d8,ST019,2025-04-01 19:52:20,2025-04-02 03:13:28,77.29,18.43,81.02,11,48.38,4.4,2.95,grid_stress
EV_1e4eec14,ST001,2025-04-01 19:52:53,2025-04-02 07:46:47,86.9,15.07,92.98,7,67.7,9.67,2.23,grid_stress
EV_d3325768,ST015,2025-04-01 19:53:53,2025-04-02 07:33:34,79.28,8.78,81.2,7,57.42,8.2,3.46,grid_stress
EV_a0ffa409,ST004,2025-04-01 19:54:31,2025-04-02 10:22:01,97.24,15.11,91.09,7,73.88,10.55,3.9,grid_stress
EV_09b8b9dc,ST002,2025-04-01 19:54:33,2025-04-02 01:02:56,95.59,11.17,94.9,22,80.04,3.64,1.5,grid_stress
EV_80276673,ST012,2025-04-01 19:54:47,2025-04-02 03:27:52,89.47,18.12,90.62,11,64.87,5.9,1.65,grid_stress
EV_1122f54f,ST009,2025-04-01 19:55:03,2025-04-02 10:48:25,95.35,16.26,97.55,7,77.51,11.07,3.82,grid_stress
EV_aed21aab,ST016,2025-04-01 19:55:15,2025-04-02 08:55:47,90.34,12.45,84.72,7,65.28,9.33,3.68,grid_stress
EV_716acd0d,ST019,2025-04-01 19:56:13,2025-04-02 00:02:08,85.34,12.97,83.87,50,60.5,1.21,2.89,grid_stress
EV_888aa1f8,ST007,2025-04-01 19:56:31,2025-04-02 07:55:41,73.93,9.83,95.01,7,62.97,9.0,2.99,grid_stress
EV_7ba40bf9,ST018,2025-04-01 19:56:42,2025-04-02 09:54:28,96.01,5.86,86.06,7,77.0,11.0,2.96,grid_stress
EV_b53ed316,ST020,2025-04-01 19:56:53,2025-04-02 04:59:16,85.35,15.27,99.31,11,71.72,6.52,2.52,grid_stress
EV_9de42155,ST019,2025-04-01 19:57:10,2025-04-02 01:14:19,97.13,8.07,86.39,22,76.08,3.46,1.83,grid_stress
EV_cd88f16d,ST007,2025-04-01 19:57:28,2025-04-02 07:07:28,78.13,13.79,99.93,7,67.3,9.61,1.55,grid_stress
EV_3b9c0784,ST017,2025-04-01 19:57:34,2025-04-02 01:51:24,81.56,6.14,84.16,22,63.64,2.89,3.0,grid_stress
EV_138c990f,ST005,2025-04-01 19:57:38,2025-04-02 09:54:22,99.23,15.87,99.95,7,83.44,11.92,2.03,grid_stress
EV_73b372ff,ST014,2025-04-01 19:58:20,2025-04-02 01:34:00,77.08,19.03,87.79,22,53.0,2.41,3.19,grid_stress
EV_ccc7c652,ST010,2025-04-01 19:58:33,2025-04-02 06:43:00,93.9,14.43,81.8,7,63.26,9.04,1.7,grid_stress
EV_371f1d6e,ST019,2025-04-01 19:59:27,2025-04-02 02:56:43,79.63,17.31,90.49,11,58.27,5.3,1.66,grid_stress
EV_72ec5248,ST014,2025-04-01 20:33:03,2025-04-02 01:04:11,77.99,14.69,85.16,50,54.97,1.1,3.42,grid_stress
EV_0ba19b07,ST008,2025-04-01 20:44:36,2025-04-02 11:40:47,98.16,18.97,99.54,7,79.09,11.3,3.64,grid_stress
EV_d0b40057,ST006,2025-04-01 20:49:09,2025-04-02 08:57:37,98.12,17.98,93.33,7,73.93,10.56,1.58,grid_stress
EV_81c6b3cb,ST009,2025-04-01 21:06:50,2025-04-02 07:29:45,86.47,17.61,90.82,7,63.3,9.04,1.34,grid_stress
EV_a1e3eef0,ST003,2025-04-01 21:15:31,2025-04-02 02:29:02,83.43,16.9,98.55,22,68.12,3.1,2.13,grid_stress
EV_f508199e,ST001,2025-04-01 21:24:48,2025-04-02 09:14:32,82.05,10.61,97.96,7,71.68,10.24,1.59,grid_stress
EV_6b4a7caf,ST004,2025-04-01 22:11:23,2025-04-02 03:08:45,87.83,16.42,89.2,22,63.92,2.91,2.05,grid_stress
EV_e37c2f9b,ST008,2025-04-01 22:13:13,2025-04-02 03:23:04,73.49,6.67,97.43,50,66.7,1.33,3.83,grid_stress
EV_c7208950,ST002,2025-04-01 22:21:53,2025-04-02 04:34:22,71.87,17.87,93.2,22,54.14,2.46,3.75,grid_stress
EV_eba94a4c,ST014,2025-04-01 22:47:29,2025-04-02 01:34:29,75.8,7.45,80.54,50,55.4,1.11,1.68,grid_stress
EV_1eeb2a3b,ST011,2025-04-01 22:51:53,2025-04-02 07:42:20,83.05,19.98,97.27,11,64.18,5.83,3.01,grid_stress
EV_1fc02c2e,ST019,2025-04-01 23:13:59,2025-04-02 06:08:59,93.25,13.42,83.72,22,65.55,2.98,3.94,grid_stress
EV_be7be276,ST012,2025-04-01 23:16:34,2025-04-02 05:03:57,95.34,6.07,87.38,22,77.52,3.52,2.27,grid_stress
EV_8a2e6048,ST015,2025-04-01 23:27:30,2025-04-02 07:53:51,76.28,16.39,80.0,7,48.52,6.93,1.51,grid_stress
EV_f759116d,ST002,2025-04-01 23:33:42,2025-04-02 05:35:05,91.73,8.21,96.99,22,81.44,3.7,2.32,grid_stress
EV_17e8af8c,ST004,2025-04-01 23:55:14,2025-04-02 03:09:20,82.14,15.29,95.39,50,65.8,1.32,1.92,grid_stress
EV_33db1da1,ST014,2025-04-01 00:15:22,2025-04-01 03:26:03,49.36,43.67,84.51,7,20.16,2.88,0.3,tight_deadline
EV_ccee4b96,ST015,2025-04-01 00:21:15,2025-04-01 02:48:57,70.49,22.43,97.28,22,52.76,2.4,0.06,tight_deadline
EV_75b27b34,ST019,2025-04-01 00:30:19,2025-04-01 05:22:58,58.19,11.7,96.36,11,49.26,4.48,0.4,tight_deadline
EV_19e45f6d,ST007,2025-04-01 00:30:39,2025-04-01 09:26:44,86.65,10.99,81.65,7,61.23,8.75,0.19,tight_deadline
EV_54ff4e4d,ST017,2025-04-01 00:31:10,2025-04-01 03:41:03,90.76,27.31,96.43,22,62.74,2.85,0.31,tight_deadline
EV_9364b69e,ST008,2025-04-01 00:32:50,2025-04-01 01:07:46,30.53,38.03,98.59,50,18.49,0.37,0.21,tight_deadline
EV_8544b5c8,ST004,2025-04-01 00:33:16,2025-04-01 02:39:02,31.33,25.06,95.33,11,22.02,2.0,0.09,tight_deadline
EV_529e7171,ST020,2025-04-01 00:40:27,2025-04-01 06:30:11,69.37,38.75,92.91,7,37.57,5.37,0.46,tight_deadline
EV_73c24a19,ST014,2025-04-01 00:43:52,2025-04-01 06:43:30,54.69,21.41,96.84,7,41.25,5.89,0.1,tight_deadline
EV_f5a9c4b6,ST001,2025-04-01 00:44:32,2025-04-01 04:51:24,70.31,49.05,85.57,7,25.67,3.67,0.45,tight_deadline
EV_39c2ac37,ST011,2025-04-01 00:45:16,2025-04-01 06:09:39,81.71,48.92,93.01,7,36.02,5.15,0.26,tight_deadline
EV_f75306f8,ST020,2025-04-01 00:47:38,2025-04-01 02:03:20,46.69,11.77,96.31,50,39.47,0.79,0.47,tight_deadline
EV_1ce149a2,ST018,2025-04-01 00:54:10,2025-04-01 02:08:53,44.71,38.34,87.7,22,22.07,1.0,0.24,tight_deadline
EV_0298043b,ST014,2025-04-01 00:54:36,2025-04-01 01:51:21,62.3,47.25,96.6,50,30.75,0.61,0.33,tight_deadline
EV_c02d8c0b,ST002,2025-04-01 00:55:31,2025-04-01 07:18:31,91.0,40.69,86.71,7,41.88,5.98,0.4,tight_deadline
EV_cf3027c6,ST013,2025-04-01 00:56:45,2025-04-01 01:51:46,50.32,52.39,95.99,50,21.94,0.44,0.48,tight_deadline
EV_60d02615,ST002,2025-04-01 01:00:36,2025-04-01 03:03:31,36.32,49.9,81.53,7,11.49,1.64,0.41,tight_deadline
EV_c7ab861d,ST005,2025-04-01 01:01:35,2025-04-01 02:56:46,44.35,58.48,82.59,7,10.69,1.53,0.39,tight_deadline
EV_8c669b24,ST013,2025-04-01 01:03:18,2025-04-01 04:10:54,97.6,55.71,88.03,11,31.54,2.87,0.26,tight_deadline
EV_73a379ad,ST009,2025-04-01 01:03:55,2025-04-01 03:31:01,56.76,48.28,89.77,11,23.55,2.14,0.31,tight_deadline
EV_e396b609,ST018,2025-04-01 01:03:58,2025-04-01 13:06:18,99.69,11.19,92.73,7,81.29,11.61,0.43,tight_deadline
EV_93ae5ccd,ST007,2025-04-01 01:09:52,2025-04-01 04:20:23,44.09,18.77,86.25,11,29.75,2.7,0.47,tight_deadline
EV_ecfd7ea9,ST014,2025-04-01 01:19:15,2025-04-01 07:05:21,86.92,40.02,85.64,7,39.66,5.67,0.1,tight_deadline
EV_d8d56365,ST014,2025-04-01 01:19:55,2025-04-01 03:21:05,45.65,40.63,88.38,11,21.8,1.98,0.04,tight_deadline
EV_78cd412b,ST003,2025-04-01 01:32:24,2025-04-01 06:34:30,44.05,13.6,92.68,7,34.84,4.98,0.06,tight_deadline
EV_4fdc3038,ST009,2025-04-01 01:32:29,2025-04-01 05:55:27,61.16,34.91,83.15,7,29.5,4.21,0.17,tight_deadline
EV_f95bb719,ST013,2025-04-01 01:36:02,2025-04-01 06:32:26,52.75,34.17,96.25,7,32.75,4.68,0.26,tight_deadline
EV_d5a3dee8,ST009,2025-04-01 01:36:23,2025-04-01 05:42:34,96.03,44.06,89.52,11,43.65,3.97,0.13,tight_deadline
EV_bfa10710,ST017,2025-04-01 01:41:19,2025-04-01 02:38:23,39.91,28.03,80.01,22,20.74,0.94,0.01,tight_deadline
EV_d9428d5a,ST007,2025-04-01 01:47:11,2025-04-01 03:24:33,76.11,17.84,97.48,50,60.62,1.21,0.41,tight_deadline
EV_e9957f66,ST017,2025-04-01 01:47:12,2025-04-01 02:56:24,34.0,43.22,99.55,22,19.15,0.87,0.28,tight_deadline
EV_fc29ed11,ST009,2025-04-01 01:47:20,2025-04-01 05:20:52,77.33,47.95,94.3,11,35.84,3.26,0.3,tight_deadline
EV_85b0298f,ST001,2025-04-01 01:47:38,2025-04-01 08:35:35,81.39,34.88,92.72,7,47.08,6.73,0.07,tight_deadline
EV_f80468ba,ST010,2025-04-01 01:50:16,2025-04-01 06:45:49,43.31,13.51,88.97,7,32.68,4.67,0.26,tight_deadline
EV_1f737c83,ST013,2025-04-01 01:51:17,2025-04-01 05:59:10,63.34,30.06,94.86,11,41.04,3.73,0.4,tight_deadline
EV_581e7b3e,ST012,2025-04-01 01:51:22,2025-04-01 05:19:30,55.42,15.65,83.84,11,37.8,3.44,0.03,tight_deadline
EV_933a51d5,ST009,2025-04-01 01:53:32,2025-04-01 04:37:48,46.75,23.78,84.24,11,28.26,2.57,0.17,tight_deadline
EV_a918afc7,ST017,2025-04-01 02:04:16,2025-04-01 04:29:48,56.77,46.35,89.36,11,24.42,2.22,0.21,tight_deadline
EV_7b50fdf4,ST017,2025-04-01 02:04:56,2025-04-01 07:32:10,76.69,22.43,97.28,11,57.41,5.22,0.23,tight_deadline
EV_49c94392,ST003,2025-04-01 02:06:12,2025-04-01 05:29:57,36.7,24.3,84.75,7,22.19,3.17,0.23,tight_deadline
EV_b3408dc9,ST003,2025-04-01 02:07:52,2025-04-01 04:16:53,58.99,23.12,97.55,22,43.91,2.0,0.15,tight_deadline
EV_e5e419b6,ST019,2025-04-01 02:14:35,2025-04-01 06:34:20,83.69,49.5,85.71,7,30.3,4.33,0.0,tight_deadline
EV_23f0dd4b,ST011,2025-04-01 02:15:33,2025-04-01 06:42:55,72.65,32.69,97.85,11,47.34,4.3,0.15,tight_deadline
EV_d5bc663e,ST018,2025-04-01 02:16:28,2025-04-01 06:13:02,64.13,31.82,91.98,11,38.58,3.51,0.44,tight_deadline
EV_a01a05f0,ST016,2025-04-01 02:16:58,2025-04-01 10:15:03,86.23,37.7,98.46,7,52.39,7.48,0.48,tight_deadline
EV_7ff21800,ST011,2025-04-01 02:19:49,2025-04-01 04:12:14,65.92,37.86,97.23,22,39.14,1.78,0.09,tight_deadline
EV_76493263,ST019,2025-04-01 02:30:13,2025-04-01 07:18:55,94.07,50.36,83.04,7,30.74,4.39,0.42,tight_deadline
EV_1d2040cb,ST015,2025-04-01 02:31:24,2025-04-01 10:08:37,71.62,27.99,99.52,7,51.23,7.32,0.3,tight_deadline
EV_4b1db528,ST010,2025-04-01 02:31:32,2025-04-01 04:47:23,37.13,26.5,89.62,11,23.44,2.13,0.13,tight_deadline
EV_1eb554b8,ST018,2025-04-01 02:33:00,2025-04-01 04:33:37,34.19,19.67,82.17,11,21.37,1.94,0.07,tight_deadline
EV_09c62701,ST010,2025-04-01 02:34:18,2025-04-01 03:45:08,36.34,55.09,80.49,11,9.23,0.84,0.34,tight_deadline
EV_9b4d4d0e,ST009,2025-04-01 02:37:40,2025-04-01 06:17:05,39.86,30.07,86.64,7,22.55,3.22,0.44,tight_deadline
EV_43e15888,ST012,2025-04-01 02:38:44,2025-04-01 06:50:15,60.28,22.09,98.41,11,46.0,4.18,0.01,tight_deadline
EV_f0989475,ST011,2025-04-01 02:39:12,2025-04-01 03:03:42,37.58,49.59,93.28,50,16.42,0.33,0.08,tight_deadline
EV_cf3e848e,ST007,2025-04-01 02:41:24,2025-04-01 05:51:40,33.93,31.18,90.36,7,20.08,2.87,0.3,tight_deadline
EV_bf22af8f,ST019,2025-04-01 02:41:56,2025-04-01 05:08:02,38.99,50.21,86.13,7,14.0,2.0,0.43,tight_deadline
EV_7b6379af,ST018,2025-04-01 02:43:27,2025-04-01 06:59:23,82.05,54.12,88.66,7,28.35,4.05,0.22,tight_deadline
EV_109d68bb,ST007,2025-04-01 02:45:26,2025-04-01 06:19:31,94.39,49.44,90.0,11,38.28,3.48,0.09,tight_deadline
EV_5a3ebbee,ST018,2025-04-01 02:46:58,2025-04-01 06:06:25,71.63,10.35,99.71,22,64.01,2.91,0.41,tight_deadline
EV_d1d29451,ST008,2025-04-01 02:49:37,2025-04-01 07:15:37,40.75,18.55,90.84,7,29.46,4.21,0.23,tight_deadline
EV_727a7a7f,ST003,2025-04-01 02:55:34,2025-04-01 05:34:40,33.26,37.08,84.62,7,15.81,2.26,0.39,tight_deadline
EV_24ed33af,ST011,2025-04-01 02:58:46,2025-04-01 05:52:04,31.34,36.68,92.62,7,17.53,2.5,0.38,tight_deadline
EV_a86dff9c,ST016,2025-04-01 03:00:37,2025-04-01 08:34:58,93.26,17.54,82.26,11,60.36,5.49,0.09,tight_deadline
EV_2aa5b4c0,ST003,2025-04-01 03:05:12,2025-04-01 08:26:54,55.72,38.19,99.29,7,34.04,4.86,0.5,tight_deadline
EV_887ebd64,ST007,2025-04-01 03:05:35,2025-04-01 04:16:10,40.87,41.37,92.5,22,20.9,0.95,0.23,tight_deadline
EV_52f57f94,ST014,2025-04-01 03:05:46,2025-04-01 04:14:48,57.05,45.45,80.14,22,19.79,0.9,0.25,tight_deadline
EV_e0cd95ff,ST014,2025-04-01 03:07:59,2025-04-01 06:38:21,33.49,26.44,95.66,7,23.18,3.31,0.19,tight_deadline
EV_1aa5172d,ST020,2025-04-01 03:14:53,2025-04-01 07:20:09,63.79,37.46,81.83,7,28.3,4.04,0.04,tight_deadline
EV_0aaf9313,ST005,2025-04-01 03:19:41,2025-04-01 04:37:24,83.33,48.64,81.32,22,27.24,1.24,0.06,tight_deadline
EV_c0f520b3,ST013,2025-04-01 03:21:52,2025-04-01 07:35:24,39.91,21.9,91.93,7,27.95,3.99,0.23,tight_deadline
EV_91a067d4,ST010,2025-04-01 03:29:33,2025-04-01 06:29:39,74.81,59.89,86.43,7,19.85,2.84,0.17,tight_deadline
EV_017813c6,ST017,2025-04-01 03:32:37,2025-04-01 05:31:01,34.52,42.43,93.17,11,17.52,1.59,0.38,tight_deadline
EV_c37695be,ST005,2025-04-01 03:38:27,2025-04-01 05:57:33,37.33,49.85,85.95,7,13.47,1.92,0.39,tight_deadline
EV_e14ca6c7,ST005,2025-04-01 03:39:55,2025-04-01 06:04:49,40.48,59.02,97.78,7,15.69,2.24,0.17,tight_deadline
EV_2f053bae,ST007,2025-04-01 03:43:12,2025-04-01 05:15:12,94.83,10.28,88.65,50,74.31,1.49,0.05,tight_deadline
EV_58dcd0f4,ST015,2025-04-01 03:43:14,2025-04-01 10:53:29,84.36,33.09,92.16,7,49.82,7.12,0.05,tight_deadline
EV_0b49f682,ST016,2025-04-01 03:43:39,2025-04-01 05:48:58,97.76,52.99,98.07,22,44.07,2.0,0.09,tight_deadline
EV_d69efa79,ST014,2025-04-01 03:50:20,2025-04-01 11:00:49,82.0,39.05,97.53,7,47.96,6.85,0.32,tight_deadline
EV_ff6dc81d,ST019,2025-04-01 03:52:14,2025-04-01 08:41:49,47.94,19.92,88.22,7,32.75,4.68,0.15,tight_deadline
EV_ec3d6a7b,ST007,2025-04-01 03:55:11,2025-04-01 05:32:36,54.82,30.59,91.51,22,33.4,1.52,0.11,tight_deadline
EV_3bdfd569,ST015,2025-04-01 03:55:49,2025-04-01 10:34:31,82.0,28.7,81.38,7,43.2,6.17,0.47,tight_deadline
EV_a59e4f59,ST003,2025-04-01 04:00:11,2025-04-01 05:34:53,47.09,30.02,81.91,22,24.43,1.11,0.47,tight_deadline
EV_330b5e03,ST015,2025-04-01 04:03:12,2025-04-01 12:14:47,85.7,31.88,98.1,7,56.74,8.11,0.09,tight_deadline
EV_1d55dd1c,ST014,2025-04-01 04:04:09,2025-04-01 08:48:19,84.29,57.16,96.21,7,32.92,4.7,0.03,tight_deadline
EV_d8368a7a,ST020,2025-04-01 04:07:50,2025-04-01 09:59:53,96.61,39.79,81.68,7,40.47,5.78,0.09,tight_deadline
EV_2bcc1288,ST002,2025-04-01 04:07:55,2025-04-01 05:03:00,64.23,28.07,86.0,50,37.21,0.74,0.17,tight_deadline
EV_2758b734,ST019,2025-04-01 04:24:53,2025-04-01 05:40:39,62.65,38.48,81.38,22,26.88,1.22,0.04,tight_deadline
EV_f4953675,ST020,2025-04-01 04:25:42,2025-04-01 06:55:48,75.94,51.27,86.8,11,26.98,2.45,0.05,tight_deadline
EV_67b7eb6f,ST020,2025-04-01 04:27:43,2025-04-01 08:07:57,34.03,25.9,94.92,7,23.48,3.35,0.32,tight_deadline
EV_181d7e77,ST007,2025-04-01 04:28:19,2025-04-01 11:46:48,97.91,41.01,91.71,7,49.63,7.09,0.22,tight_deadline
EV_b44fb699,ST014,2025-04-01 04:28:43,2025-04-01 05:41:27,53.23,17.29,95.09,50,41.42,0.83,0.38,tight_deadline
EV_d8c57548,ST006,2025-04-01 04:29:10,2025-04-01 07:00:30,81.09,17.33,82.85,22,53.13,2.41,0.11,tight_deadline
EV_bd99cbee,ST001,2025-04-01 04:29:27,2025-04-01 11:51:50,97.51,34.45,86.49,7,50.74,7.25,0.12,tight_deadline
EV_4bb2669b,ST014,2025-04-01 04:30:21,2025-04-01 14:27:26,83.53,12.58,94.37,7,68.31,9.76,0.19,tight_deadline
EV_f0965fd3,ST018,2025-04-01 04:31:01,2025-04-01 07:37:16,99.39,52.8,86.07,11,33.07,3.01,0.1,tight_deadline
EV_53045732,ST006,2025-04-01 04:38:27,2025-04-01 06:14:34,44.24,44.06,81.44,11,16.54,1.5,0.1,tight_deadline
EV_7208159a,ST011,2025-04-01 04:41:02,2025-04-01 05:23:19,36.34,43.35,96.91,50,19.46,0.39,0.32,tight_deadline
EV_312a4ed5,ST001,2025-04-01 04:41:03,2025-04-01 05:50:55,52.39,41.13,87.52,22,24.31,1.1,0.06,tight_deadline
EV_24728b72,ST008,2025-04-01 04:51:43,2025-04-01 09:38:34,82.27,42.32,82.99,7,33.46,4.78,0.0,tight_deadline
EV_6c5386df,ST009,2025-04-01 04:58:12,2025-04-01 11:15:08,89.76,41.3,88.99,7,42.81,6.12,0.17,tight_deadline
EV_480f7129,ST007,2025-04-01 05:01:00,2025-04-01 08:08:48,85.91,55.59,90.01,11,29.57,2.69,0.44,tight_deadline
EV_8daf7ddb,ST018,2025-04-01 05:01:13,2025-04-01 09:42:39,38.16,11.8,94.94,7,31.73,4.53,0.16,tight_deadline
EV_b348e537,ST020,2025-04-01 05:04:36,2025-04-01 06:04:07,86.37,56.86,82.13,22,21.82,0.99,0.0,tight_deadline
EV_a28b36bb,ST009,2025-04-01 05:08:18,2025-04-01 09:39:51,73.12,42.14,81.36,7,28.68,4.1,0.43,tight_deadline
EV_52665aea,ST020,2025-04-01 05:13:15,2025-04-01 06:14:00,53.21,21.61,81.75,50,32.01,0.64,0.37,tight_deadline
EV_409328e3,ST006,2025-04-01 05:16:20,2025-04-01 06:57:26,35.38,38.53,89.48,11,18.03,1.64,0.05,tight_deadline
EV_975cc658,ST008,2025-04-01 05:23:51,2025-04-01 09:11:33,53.2,42.77,89.32,7,24.77,3.54,0.26,tight_deadline
EV_0edecc69,ST011,2025-04-01 05:26:28,2025-04-01 10:23:58,97.05,43.25,95.88,11,51.07,4.64,0.32,tight_deadline
EV_02870ed3,ST014,2025-04-01 05:26:48,2025-04-01 08:03:42,96.15,42.56,97.06,22,52.4,2.38,0.23,tight_deadline
EV_73c727bb,ST019,2025-04-01 05:36:29,2025-04-01 12:06:54,58.87,22.84,99.91,7,45.37,6.48,0.03,tight_deadline
EV_b7887039,ST007,2025-04-01 05:38:28,2025-04-01 08:18:57,63.8,44.71,90.2,11,29.02,2.64,0.04,tight_deadline
EV_14edc89e,ST002,2025-04-01 05:39:36,2025-04-01 14:57:01,82.97,13.14,89.62,7,63.46,9.07,0.22,tight_deadline
EV_3fa5452d,ST020,2025-04-01 05:40:17,2025-04-01 07:58:01,76.21,25.84,84.33,22,44.58,2.03,0.27,tight_deadline
EV_618a2c1b,ST002,2025-04-01 05:41:35,2025-04-01 10:12:02,85.32,34.31,92.25,11,49.43,4.49,0.01,tight_deadline
EV_92a7f546,ST019,2025-04-01 05:47:06,2025-04-01 07:46:06,78.22,47.42,89.48,22,32.9,1.5,0.49,tight_deadline
EV_ad13b727,ST005,2025-04-01 05:49:34,2025-04-01 06:43:29,69.74,26.87,83.03,50,39.17,0.78,0.12,tight_deadline
EV_bce1ddc0,ST009,2025-04-01 05:55:45,2025-04-01 08:40:14,78.02,34.79,98.78,22,49.93,2.27,0.47,tight_deadline
EV_d0ef23db,ST016,2025-04-01 06:00:02,2025-04-01 06:31:58,30.7,57.87,86.56,22,8.81,0.4,0.13,tight_deadline
EV_0acf84b6,ST017,2025-04-01 06:01:53,2025-04-01 08:54:44,69.58,43.31,88.71,11,31.59,2.87,0.01,tight_deadline
EV_3761ff5b,ST017,2025-04-01 06:02:48,2025-04-01 07:59:31,57.08,56.22,91.83,11,20.33,1.85,0.1,tight_deadline
EV_6fef992b,ST001,2025-04-01 06:03:47,2025-04-01 09:35:40,84.95,17.26,99.57,22,69.93,3.18,0.35,tight_deadline
EV_f42a32b4,ST015,2025-04-01 06:06:57,2025-04-01 08:29:42,47.81,51.46,97.77,11,22.14,2.01,0.37,tight_deadline
EV_c024a228,ST014,2025-04-01 06:07:16,2025-04-01 09:32:37,42.03,28.83,83.45,7,22.96,3.28,0.14,tight_deadline
EV_01c83909,ST007,2025-04-01 06:07:53,2025-04-01 07:38:34,60.8,57.42,82.66,11,15.35,1.4,0.12,tight_deadline
EV_30ab9659,ST014,2025-04-01 06:08:58,2025-04-01 09:11:49,33.32,28.51,85.36,7,18.94,2.71,0.34,tight_deadline
EV_50c48482,ST002,2025-04-01 06:13:13,2025-04-01 17:05:51,89.98,13.28,95.01,7,73.54,10.51,0.37,tight_deadline
EV_2b269e3b,ST018,2025-04-01 06:15:58,2025-04-01 16:19:58,85.69,15.08,96.1,7,69.43,9.92,0.15,tight_deadline
EV_2b2db31b,ST020,2025-04-01 06:18:32,2025-04-01 07:53:34,46.85,37.74,94.25,22,26.48,1.2,0.38,tight_deadline
EV_0a762ff7,ST016,2025-04-01 06:21:42,2025-04-01 07:14:33,85.34,35.85,85.08,50,42.02,0.84,0.04,tight_deadline
EV_2ebf7a8f,ST008,2025-04-01 06:26:22,2025-04-01 07:50:16,31.52,55.6,98.85,11,13.64,1.24,0.16,tight_deadline
EV_9492003f,ST013,2025-04-01 06:26:57,2025-04-01 09:12:20,68.78,59.49,82.5,7,15.82,2.26,0.5,tight_deadline
EV_071d3e3c,ST006,2025-04-01 06:27:54,2025-04-01 08:33:02,33.39,47.83,87.84,7,13.36,1.91,0.18,tight_deadline
EV_48c117ae,ST005,2025-04-01 06:39:10,2025-04-01 08:01:33,31.22,49.77,86.05,11,11.33,1.03,0.34,tight_deadline
EV_b3a8a1b5,ST001,2025-04-01 06:45:17,2025-04-01 09:44:07,43.49,43.63,91.02,7,20.61,2.94,0.04,tight_deadline
EV_44e63d72,ST018,2025-04-01 06:45:33,2025-04-01 09:18:55,36.87,31.16,92.68,11,22.68,2.06,0.49,tight_deadline
EV_0964b14b,ST017,2025-04-01 06:47:02,2025-04-01 08:36:54,94.16,49.35,91.01,22,39.23,1.78,0.05,tight_deadline
EV_079f4039,ST017,2025-04-01 06:49:13,2025-04-01 10:33:57,43.66,11.87,99.08,11,38.08,3.46,0.28,tight_deadline
EV_6abd6eba,ST013,2025-04-01 06:50:40,2025-04-01 08:44:48,59.17,51.26,82.4,11,18.42,1.67,0.23,tight_deadline
EV_79bf8767,ST007,2025-04-01 06:50:58,2025-04-01 09:47:15,40.14,20.82,87.96,11,26.95,2.45,0.49,tight_deadline
EV_23af5a93,ST011,2025-04-01 06:52:23,2025-04-01 08:29:52,49.72,15.93,86.36,22,35.02,1.59,0.03,tight_deadline
EV_3570476a,ST009,2025-04-01 06:55:06,2025-04-01 10:24:18,70.85,57.18,87.92,7,21.78,3.11,0.38,tight_deadline
EV_04ac9e55,ST010,2025-04-01 06:56:19,2025-04-01 10:14:30,64.66,55.73,87.07,7,20.26,2.89,0.41,tight_deadline
EV_3fd93b99,ST017,2025-04-01 06:57:08,2025-04-01 11:15:20,93.0,50.03,96.77,11,43.47,3.95,0.35,tight_deadline
EV_d6fd0fa5,ST019,2025-04-01 07:00:11,2025-04-01 08:06:39,67.1,32.14,90.16,50,38.93,0.78,0.33,tight_deadline
EV_d539b16b,ST017,2025-04-01 07:06:47,2025-04-01 08:25:52,51.34,13.25,93.7,50,41.3,0.83,0.49,tight_deadline
EV_70bd1e60,ST014,2025-04-01 07:08:57,2025-04-01 09:27:31,84.87,46.8,96.56,22,42.23,1.92,0.39,tight_deadline
EV_f370d14c,ST006,2025-04-01 07:11:05,2025-04-01 10:24:50,63.47,41.34,89.15,11,30.34,2.76,0.47,tight_deadline
EV_5f8b8102,ST004,2025-04-01 07:12:53,2025-04-01 08:16:53,36.73,35.52,84.22,22,17.89,0.81,0.25,tight_deadline
EV_d48e5396,ST005,2025-04-01 07:17:41,2025-04-01 10:06:23,55.18,35.97,88.41,11,28.93,2.63,0.18,tight_deadline
EV_51275e6e,ST008,2025-04-01 07:17:47,2025-04-01 14:23:25,83.88,40.76,96.2,7,46.51,6.64,0.45,tight_deadline
EV_c5169e56,ST003,2025-04-01 07:19:04,2025-04-01 12:09:56,47.27,21.25,85.84,7,30.53,4.36,0.49,tight_deadline
EV_25cf0fdd,ST013,2025-04-01 07:22:18,2025-04-01 09:39:14,49.61,43.79,88.15,11,22.01,2.0,0.28,tight_deadline
EV_5bbdea47,ST011,2025-04-01 07:22:37,2025-04-01 08:36:19,75.33,23.08,84.1,50,45.97,0.92,0.31,tight_deadline
EV_d84c43a7,ST002,2025-04-01 07:24:08,2025-04-01 11:07:47,46.83,41.57,92.86,7,24.02,3.43,0.3,tight_deadline
EV_d84be3d9,ST014,2025-04-01 07:25:00,2025-04-01 12:41:52,68.45,14.24,91.88,11,53.14,4.83,0.45,tight_deadline
EV_63273eed,ST016,2025-04-01 07:26:30,2025-04-01 08:18:04,61.31,26.69,83.22,50,34.66,0.69,0.17,tight_deadline
EV_fdfcb42d,ST013,2025-04-01 07:28:50,2025-04-01 09:08:47,98.43,54.94,85.68,22,30.26,1.38,0.29,tight_deadline
EV_ec2dca42,ST014,2025-04-01 07:29:35,2025-04-01 09:25:33,62.25,32.37,99.54,22,41.82,1.9,0.03,tight_deadline
EV_3d886e17,ST018,2025-04-01 07:29:48,2025-04-01 09:59:22,93.21,36.59,85.79,22,45.86,2.08,0.41,tight_deadline
EV_75906f1e,ST006,2025-04-01 07:31:01,2025-04-01 14:27:29,75.46,27.33,89.55,7,46.96,6.71,0.23,tight_deadline
EV_ef665afb,ST019,2025-04-01 07:35:05,2025-04-01 17:59:54,89.53,14.7,93.55,7,70.59,10.08,0.33,tight_deadline
EV_39757131,ST016,2025-04-01 07:37:02,2025-04-01 11:05:20,47.3,38.23,88.16,7,23.62,3.37,0.1,tight_deadline
EV_75a6dfb9,ST001,2025-04-01 07:44:31,2025-04-01 09:46:10,69.64,42.02,92.07,22,34.85,1.58,0.44,tight_deadline
EV_7629c93b,ST003,2025-04-01 07:48:32,2025-04-01 09:05:25,37.43,30.61,82.04,22,19.25,0.88,0.41,tight_deadline
EV_9a2eeb5f,ST012,2025-04-01 07:50:46,2025-04-01 11:46:29,99.93,15.19,93.31,22,78.06,3.55,0.38,tight_deadline
EV_d81f1f88,ST005,2025-04-01 07:51:25,2025-04-01 14:04:43,97.99,16.78,86.01,11,67.83,6.17,0.05,tight_deadline
EV_a0122b85,ST006,2025-04-01 07:54:52,2025-04-01 12:30:52,59.75,37.23,88.01,7,30.34,4.33,0.27,tight_deadline
EV_be233dd3,ST002,2025-04-01 07:55:03,2025-04-01 11:57:28,63.77,27.34,93.9,11,42.45,3.86,0.18,tight_deadline
EV_5dde4bc2,ST019,2025-04-01 07:58:06,2025-04-01 12:48:27,64.76,20.78,96.09,11,48.78,4.43,0.4,tight_deadline
EV_fed2d3cf,ST004,2025-04-01 08:09:42,2025-04-01 09:04:36,64.08,22.98,84.9,50,39.68,0.79,0.12,tight_deadline
EV_53ef2c63,ST014,2025-04-01 08:12:08,2025-04-01 10:39:54,80.53,49.41,81.69,11,25.99,2.36,0.1,tight_deadline
EV_f76db4a5,ST009,2025-04-01 08:17:34,2025-04-01 14:44:24,60.3,10.33,82.23,7,43.36,6.19,0.25,tight_deadline
EV_b91bf985,ST003,2025-04-01 08:20:23,2025-04-01 09:11:01,31.78,44.63,87.59,22,13.66,0.62,0.22,tight_deadline
EV_63229360,ST009,2025-04-01 08:22:01,2025-04-01 10:08:27,35.65,55.48,85.47,7,10.69,1.53,0.25,tight_deadline
EV_fe196387,ST006,2025-04-01 08:22:08,2025-04-01 09:15:34,51.03,14.48,97.88,50,42.56,0.85,0.04,tight_deadline
EV_024f610a,ST001,2025-04-01 08:28:31,2025-04-01 11:10:18,32.09,39.54,91.32,7,16.62,2.37,0.32,tight_deadline
EV_c060ca88,ST019,2025-04-01 08:30:36,2025-04-01 08:48:23,31.86,40.21,82.84,50,13.58,0.27,0.02,tight_deadline
EV_67348325,ST011,2025-04-01 08:31:20,2025-04-01 10:10:09,31.79,40.91,84.85,11,13.97,1.27,0.38,tight_deadline
EV_91f52a12,ST001,2025-04-01 08:36:16,2025-04-01 11:42:40,68.26,43.54,91.02,11,32.41,2.95,0.16,tight_deadline
EV_0d4bade8,ST003,2025-04-01 08:36:49,2025-04-01 11:00:14,63.73,59.64,81.53,7,13.95,1.99,0.4,tight_deadline
EV_af6fdf71,ST017,2025-04-01 08:42:50,2025-04-01 11:20:40,38.62,50.75,89.43,7,14.94,2.13,0.5,tight_deadline
EV_a07e5f7c,ST012,2025-04-01 08:43:03,2025-04-01 15:03:46,68.33,31.97,94.73,7,42.88,6.13,0.22,tight_deadline
EV_f8cc3e82,ST018,2025-04-01 08:45:25,2025-04-01 10:35:44,39.59,58.7,85.2,7,10.49,1.5,0.34,tight_deadline
EV_4d7340f3,ST013,2025-04-01 08:50:33,2025-04-01 11:14:31,53.38,47.08,89.39,11,22.58,2.05,0.35,tight_deadline
EV_02837064,ST016,2025-04-01 08:53:32,2025-04-01 18:38:12,93.54,11.05,80.36,7,64.83,9.26,0.48,tight_deadline
EV_20c394ba,ST020,2025-04-01 08:57:33,2025-04-01 13:17:16,78.73,28.21,86.36,11,45.79,4.16,0.17,tight_deadline
EV_2210ec78,ST013,2025-04-01 09:04:04,2025-04-01 09:49:03,43.06,57.7,91.0,50,14.34,0.29,0.46,tight_deadline
EV_b01ea652,ST006,2025-04-01 09:05:11,2025-04-01 11:13:55,75.04,42.28,94.05,22,38.85,1.77,0.38,tight_deadline
EV_5e758a99,ST019,2025-04-01 09:08:13,2025-04-01 11:24:47,43.44,31.69,81.97,11,21.85,1.99,0.29,tight_deadline
EV_4ce92285,ST002,2025-04-01 09:08:41,2025-04-01 10:51:22,55.4,55.35,86.96,11,17.51,1.59,0.12,tight_deadline
EV_1f0f0e63,ST001,2025-04-01 09:08:43,2025-04-01 09:53:48,38.68,26.47,84.49,50,22.44,0.45,0.3,tight_deadline
EV_9c73341f,ST016,2025-04-01 09:11:02,2025-04-01 12:15:58,91.25,30.76,93.74,22,57.48,2.61,0.47,tight_deadline
EV_56e58352,ST003,2025-04-01 09:15:04,2025-04-01 11:52:34,87.2,37.15,92.33,22,48.11,2.19,0.44,tight_deadline
EV_d43f76e9,ST018,2025-04-01 09:18:41,2025-04-01 10:24:57,82.27,41.34,87.92,50,38.32,0.77,0.34,tight_deadline
EV_4b2be735,ST009,2025-04-01 09:19:40,2025-04-01 11:56:06,57.75,54.05,81.38,7,15.78,2.25,0.35,tight_deadline
EV_ea167562,ST011,2025-04-01 09:21:56,2025-04-01 10:38:21,94.95,38.01,91.98,50,51.24,1.02,0.25,tight_deadline
EV_458d2f43,ST009,2025-04-01 09:32:08,2025-04-01 10:59:22,32.29,16.53,98.1,22,26.34,1.2,0.26,tight_deadline
EV_27bf9364,ST004,2025-04-01 09:34:37,2025-04-01 10:25:38,53.9,31.44,80.47,50,26.43,0.53,0.32,tight_deadline
EV_7b86442f,ST009,2025-04-01 09:38:10,2025-04-01 17:57:07,79.46,14.57,83.86,7,55.05,7.86,0.45,tight_deadline
EV_eb5c02d7,ST011,2025-04-01 09:38:15,2025-04-01 16:17:42,62.66,13.41,83.82,7,44.12,6.3,0.36,tight_deadline
EV_fab8db0f,ST001,2025-04-01 09:38:33,2025-04-01 11:53:29,80.89,56.33,83.76,11,22.19,2.02,0.23,tight_deadline
EV_6911b652,ST005,2025-04-01 09:39:24,2025-04-01 10:41:13,53.83,39.49,98.2,50,31.6,0.63,0.4,tight_deadline
EV_59c20971,ST017,2025-04-01 09:41:07,2025-04-01 15:03:00,93.6,36.19,98.34,11,58.17,5.29,0.08,tight_deadline
EV_dec13762,ST003,2025-04-01 09:42:23,2025-04-01 15:41:53,98.84,21.91,86.87,11,64.22,5.84,0.15,tight_deadline
EV_fd90102a,ST008,2025-04-01 09:43:47,2025-04-01 15:09:32,68.44,33.39,84.95,7,35.29,5.04,0.39,tight_deadline
EV_4e3f2bc7,ST005,2025-04-01 09:45:46,2025-04-01 11:49:48,56.42,24.76,88.43,22,35.92,1.63,0.43,tight_deadline
EV_061a8030,ST014,2025-04-01 09:46:23,2025-04-01 11:39:39,47.01,28.67,97.33,22,32.28,1.47,0.42,tight_deadline
EV_36c671a0,ST014,2025-04-01 09:46:54,2025-04-01 14:14:50,75.88,17.84,82.11,11,48.77,4.43,0.03,tight_deadline
EV_f1d3c9f0,ST006,2025-04-01 09:47:46,2025-04-01 13:12:58,92.1,13.13,88.62,22,69.52,3.16,0.26,tight_deadline
EV_7dcbdeb1,ST014,2025-04-01 09:49:35,2025-04-01 17:02:10,86.96,37.78,92.55,7,47.62,6.8,0.41,tight_deadline
EV_1481b819,ST009,2025-04-01 09:49:46,2025-04-01 14:26:05,45.45,16.98,87.1,7,31.87,4.55,0.05,tight_deadline
EV_a6a7585f,ST012,2025-04-01 09:51:49,2025-04-01 12:22:18,94.6,55.77,82.38,11,25.18,2.29,0.22,tight_deadline
EV_ad8ba1ff,ST003,2025-04-01 09:53:04,2025-04-01 12:01:30,56.35,52.55,87.22,11,19.53,1.78,0.36,tight_deadline
EV_9f83e2cf,ST008,2025-04-01 09:55:32,2025-04-01 16:33:06,75.23,29.79,88.75,7,44.36,6.34,0.29,tight_deadline
EV_92eed6dd,ST011,2025-04-01 09:58:56,2025-04-01 15:12:03,80.14,13.13,80.92,11,54.32,4.94,0.28,tight_deadline
EV_e16bb929,ST016,2025-04-01 10:03:36,2025-04-01 16:11:47,82.64,41.38,91.96,7,41.8,5.97,0.17,tight_deadline
EV_464577a9,ST014,2025-04-01 10:06:12,2025-04-01 17:55:04,81.71,16.44,82.75,7,54.17,7.74,0.08,tight_deadline
EV_e7449169,ST016,2025-04-01 10:07:40,2025-04-01 12:37:05,90.47,33.73,82.65,22,44.25,2.01,0.48,tight_deadline
EV_8f46f4f1,ST009,2025-04-01 10:08:48,2025-04-01 12:15:39,36.08,55.51,88.09,7,11.76,1.68,0.43,tight_deadline
EV_6701d8a9,ST002,2025-04-01 10:16:32,2025-04-01 11:33:18,48.43,56.42,98.29,22,20.27,0.92,0.36,tight_deadline
EV_b9ef1126,ST019,2025-04-01 10:23:39,2025-04-01 18:32:57,90.88,28.07,89.0,7,55.38,7.91,0.24,tight_deadline
EV_1deab97e,ST004,2025-04-01 10:27:04,2025-04-01 11:26:03,35.17,39.0,81.31,22,14.88,0.68,0.31,tight_deadline
EV_c597ddc1,ST002,2025-04-01 10:27:08,2025-04-01 11:38:19,58.28,19.3,96.59,50,45.04,0.9,0.29,tight_deadline
EV_b46e97fe,ST004,2025-04-01 10:30:48,2025-04-01 13:35:33,33.32,17.77,81.17,7,21.12,3.02,0.06,tight_deadline
EV_7ef4a68a,ST008,2025-04-01 10:32:05,2025-04-01 12:49:58,98.25,49.49,92.11,22,41.87,1.9,0.39,tight_deadline
EV_a8280b9a,ST003,2025-04-01 10:32:36,2025-04-01 11:16:27,83.41,54.02,90.84,50,30.7,0.61,0.12,tight_deadline
EV_3cac4850,ST020,2025-04-01 10:34:21,2025-04-01 13:17:18,39.41,14.93,82.41,11,26.6,2.42,0.3,tight_deadline
EV_8ae83d69,ST011,2025-04-01 10:34:52,2025-04-01 12:38:30,80.22,35.65,89.96,22,43.57,1.98,0.08,tight_deadline
EV_da1aa728,ST009,2025-04-01 10:39:10,2025-04-01 12:56:43,75.83,59.92,92.8,11,24.93,2.27,0.03,tight_deadline
EV_097da4ae,ST007,2025-04-01 10:40:02,2025-04-01 14:28:29,79.81,59.96,91.63,7,25.28,3.61,0.2,tight_deadline
EV_3f0f50b8,ST005,2025-04-01 10:40:05,2025-04-01 14:44:38,59.27,12.8,85.27,11,42.95,3.9,0.17,tight_deadline
EV_d4f2d203,ST010,2025-04-01 10:40:09,2025-04-01 19:50:45,74.36,12.99,98.03,7,63.24,9.03,0.14,tight_deadline
EV_c06ccd16,ST016,2025-04-01 10:42:01,2025-04-01 14:58:23,54.86,49.05,97.57,7,26.62,3.8,0.47,tight_deadline
EV_460d18b1,ST017,2025-04-01 10:42:33,2025-04-01 15:29:52,81.79,59.14,98.02,7,31.8,4.54,0.25,tight_deadline
EV_b0e88971,ST006,2025-04-01 10:46:19,2025-04-01 13:44:29,41.02,30.25,80.6,7,20.65,2.95,0.02,tight_deadline
EV_18584ecc,ST019,2025-04-01 10:50:23,2025-04-01 17:27:18,70.89,18.71,82.74,7,45.39,6.48,0.13,tight_deadline
EV_83c64678,ST016,2025-04-01 10:52:42,2025-04-01 16:18:48,76.33,35.75,83.2,7,36.22,5.17,0.26,tight_deadline
EV_a229fa3c,ST019,2025-04-01 10:57:47,2025-04-01 12:22:25,54.15,47.07,92.32,22,24.5,1.11,0.3,tight_deadline
EV_1a7f3ea8,ST002,2025-04-01 10:59:08,2025-04-01 13:52:04,45.77,18.13,81.28,11,28.9,2.63,0.25,tight_deadline
EV_8fb5b7ab,ST012,2025-04-01 11:14:23,2025-04-01 15:38:04,65.06,35.36,81.03,7,29.71,4.24,0.15,tight_deadline
EV_fe480663,ST018,2025-04-01 11:17:18,2025-04-01 12:36:22,37.45,25.12,89.93,22,24.27,1.1,0.21,tight_deadline
EV_5554e027,ST016,2025-04-01 11:18:38,2025-04-01 15:52:44,44.85,14.68,85.48,7,31.75,4.54,0.03,tight_deadline
EV_10552334,ST007,2025-04-01 11:20:50,2025-04-01 17:53:56,85.81,41.3,94.3,7,45.48,6.5,0.05,tight_deadline
EV_1b865d25,ST014,2025-04-01 11:21:28,2025-04-01 14:21:21,69.57,44.86,86.48,11,28.95,2.63,0.37,tight_deadline
EV_12fe6b1c,ST019,2025-04-01 11:23:27,2025-04-01 15:05:25,36.94,16.57,80.81,7,23.73,3.39,0.31,tight_deadline
EV_f74749c8,ST019,2025-04-01 11:25:23,2025-04-01 17:22:43,99.52,46.79,87.21,7,40.22,5.75,0.21,tight_deadline
EV_96a2c572,ST012,2025-04-01 11:28:51,2025-04-01 16:53:54,87.05,45.83,87.55,7,36.32,5.19,0.23,tight_deadline
EV_e9cf925a,ST002,2025-04-01 11:29:06,2025-04-01 12:39:22,62.79,48.57,84.41,22,22.5,1.02,0.15,tight_deadline
EV_a9c9ff83,ST011,2025-04-01 11:30:52,2025-04-01 12:56:17,61.43,55.0,92.62,22,23.11,1.05,0.37,tight_deadline
EV_7a73341c,ST017,2025-04-01 11:31:35,2025-04-01 15:40:22,54.57,30.75,80.87,7,27.35,3.91,0.24,tight_deadline
EV_a42bcc29,ST007,2025-04-01 11:33:43,2025-04-01 14:03:39,95.97,35.62,87.86,22,50.13,2.28,0.22,tight_deadline
EV_87468cba,ST019,2025-04-01 11:34:37,2025-04-01 16:19:55,69.33,42.5,88.27,7,31.73,4.53,0.22,tight_deadline
EV_8bbaa049,ST012,2025-04-01 11:41:44,2025-04-01 17:24:46,90.43,14.28,80.92,11,60.26,5.48,0.24,tight_deadline
EV_001ff215,ST008,2025-04-01 11:43:50,2025-04-01 17:40:10,49.88,17.42,97.05,7,39.71,5.67,0.27,tight_deadline
EV_d7e8a786,ST016,2025-04-01 11:48:08,2025-04-01 14:19:46,30.04,12.22,93.44,11,24.4,2.22,0.31,tight_deadline
EV_a3bfe183,ST006,2025-04-01 12:00:38,2025-04-01 14:08:44,48.64,52.39,97.17,11,21.78,1.98,0.16,tight_deadline
EV_fb3a147e,ST011,2025-04-01 12:03:57,2025-04-01 14:02:52,68.85,31.63,81.47,22,34.31,1.56,0.42,tight_deadline
EV_fbcf95a0,ST017,2025-04-01 12:10:18,2025-04-01 15:59:56,53.98,17.52,86.05,11,36.99,3.36,0.46,tight_deadline
EV_8a1d8166,ST004,2025-04-01 12:12:56,2025-04-01 16:57:00,57.8,28.72,85.36,7,32.74,4.68,0.06,tight_deadline
EV_eed8cd12,ST005,2025-04-01 12:13:58,2025-04-01 18:02:11,86.21,54.15,99.0,7,38.66,5.52,0.28,tight_deadline
EV_3470fad1,ST014,2025-04-01 12:15:24,2025-04-01 15:13:25,99.56,55.44,83.64,11,28.08,2.55,0.41,tight_deadline
EV_1d0acda0,ST004,2025-04-01 12:16:06,2025-04-01 14:01:31,44.09,55.21,89.6,11,15.16,1.38,0.38,tight_deadline
EV_d3571005,ST003,2025-04-01 12:23:29,2025-04-01 14:28:54,80.08,55.2,80.89,11,20.57,1.87,0.22,tight_deadline
EV_6191dc21,ST009,2025-04-01 12:24:38,2025-04-01 17:37:45,56.59,20.62,80.9,7,34.12,4.87,0.34,tight_deadline
EV_80e0fc88,ST018,2025-04-01 12:33:16,2025-04-01 14:51:09,48.87,40.27,81.95,11,20.37,1.85,0.45,tight_deadline
EV_c3f18761,ST004,2025-04-01 12:34:11,2025-04-01 16:51:08,38.68,10.67,83.67,7,28.24,4.03,0.25,tight_deadline
EV_8775e1b8,ST017,2025-04-01 12:34:12,2025-04-01 14:47:04,39.69,35.82,85.03,11,19.53,1.78,0.44,tight_deadline
EV_9a0136d0,ST015,2025-04-01 12:37:22,2025-04-01 14:55:14,88.41,42.23,97.39,22,48.77,2.22,0.08,tight_deadline
EV_8f49eab3,ST018,2025-04-01 12:39:46,2025-04-01 17:24:50,41.54,15.65,91.3,7,31.42,4.49,0.26,tight_deadline
EV_c0617fe8,ST002,2025-04-01 12:48:22,2025-04-01 14:13:12,85.14,14.86,97.85,50,70.66,1.41,0.0,tight_deadline
EV_bfdd0811,ST007,2025-04-01 12:49:02,2025-04-01 15:36:19,82.84,31.23,93.25,22,51.38,2.34,0.45,tight_deadline
EV_db908d64,ST015,2025-04-01 12:49:48,2025-04-01 15:05:09,34.1,37.75,99.31,11,20.99,1.91,0.35,tight_deadline
EV_024abf07,ST001,2025-04-01 12:49:50,2025-04-01 16:23:34,50.13,25.96,98.82,11,36.52,3.32,0.24,tight_deadline
EV_4a859bd8,ST003,2025-04-01 12:53:46,2025-04-01 15:17:26,62.57,13.54,96.46,22,51.89,2.36,0.04,tight_deadline
EV_795cdb09,ST007,2025-04-01 12:55:26,2025-04-01 19:29:30,93.91,49.31,97.57,7,45.32,6.47,0.09,tight_deadline
EV_a4ceb843,ST011,2025-04-01 12:56:01,2025-04-01 23:12:40,97.08,16.89,90.0,7,70.98,10.14,0.14,tight_deadline
EV_da22cd47,ST015,2025-04-01 13:03:23,2025-04-01 19:38:58,96.99,19.2,91.57,11,70.19,6.38,0.21,tight_deadline
EV_e8d7b210,ST018,2025-04-01 13:06:02,2025-04-01 17:48:53,71.19,28.14,96.14,11,48.4,4.4,0.31,tight_deadline
EV_dda78e52,ST012,2025-04-01 13:10:20,2025-04-01 14:49:09,74.62,41.49,80.59,22,29.18,1.33,0.32,tight_deadline
EV_dc9925fa,ST013,2025-04-01 13:11:20,2025-04-01 17:21:24,68.79,30.04,89.39,11,40.83,3.71,0.46,tight_deadline
EV_6b542c73,ST001,2025-04-01 13:14:24,2025-04-01 14:16:55,36.09,40.33,91.36,22,18.42,0.84,0.2,tight_deadline
EV_6234b3c0,ST010,2025-04-01 13:22:42,2025-04-01 22:42:19,75.89,14.03,97.29,7,63.19,9.03,0.3,tight_deadline
EV_0f631aed,ST003,2025-04-01 13:22:51,2025-04-01 16:01:26,64.63,42.59,84.84,11,27.31,2.48,0.16,tight_deadline
EV_12253c46,ST003,2025-04-01 13:26:57,2025-04-01 15:46:03,30.71,23.85,90.54,11,20.48,1.86,0.46,tight_deadline
EV_0a045cef,ST013,2025-04-01 13:33:12,2025-04-01 23:04:44,92.08,23.76,94.88,7,65.49,9.36,0.17,tight_deadline
EV_ce01a995,ST003,2025-04-01 13:36:25,2025-04-01 18:11:35,69.13,12.01,83.81,11,49.64,4.51,0.07,tight_deadline
EV_62ed0efd,ST011,2025-04-01 13:38:10,2025-04-01 18:32:44,84.08,21.03,80.43,11,49.94,4.54,0.37,tight_deadline
EV_6689432a,ST018,2025-04-01 13:42:13,2025-04-01 19:11:10,75.81,38.62,84.9,7,35.09,5.01,0.47,tight_deadline
EV_68f4ac63,ST006,2025-04-01 13:45:04,2025-04-01 16:06:53,77.35,37.98,91.27,22,41.22,1.87,0.49,tight_deadline
EV_4d3ca24a,ST008,2025-04-01 13:46:32,2025-04-01 16:12:02,42.32,56.88,89.35,7,13.74,1.96,0.46,tight_deadline
EV_90b591b9,ST014,2025-04-01 13:47:31,2025-04-01 22:52:10,77.64,11.2,89.83,7,61.05,8.72,0.36,tight_deadline
EV_bce9a20c,ST009,2025-04-01 13:59:27,2025-04-01 17:59:13,48.66,40.04,94.41,7,26.46,3.78,0.22,tight_deadline
EV_f36d535d,ST006,2025-04-01 13:59:42,2025-04-01 20:32:42,70.17,25.53,87.5,7,43.48,6.21,0.34,tight_deadline
EV_19e12b2d,ST011,2025-04-01 14:02:20,2025-04-01 17:02:33,68.49,44.08,85.66,11,28.48,2.59,0.41,tight_deadline
EV_722c08ed,ST019,2025-04-01 14:03:53,2025-04-01 17:48:58,56.73,41.06,82.2,7,23.34,3.33,0.42,tight_deadline
EV_9ea2c9ec,ST008,2025-04-01 14:07:39,2025-04-01 19:57:05,92.82,21.64,88.25,11,61.83,5.62,0.2,tight_deadline
EV_70b62e9d,ST015,2025-04-01 14:08:12,2025-04-01 15:50:38,33.02,30.4,81.94,11,17.02,1.55,0.16,tight_deadline
EV_44f2e666,ST009,2025-04-01 14:08:24,2025-04-01 22:54:39,80.75,11.2,83.73,7,58.57,8.37,0.4,tight_deadline
EV_26c9adf1,ST010,2025-04-01 14:09:52,2025-04-01 19:19:17,92.68,36.6,92.17,11,51.51,4.68,0.47,tight_deadline
EV_4d32e11a,ST019,2025-04-01 14:16:11,2025-04-01 15:17:12,38.52,40.18,96.41,22,21.66,0.98,0.03,tight_deadline
EV_5c863d19,ST013,2025-04-01 14:17:24,2025-04-01 20:36:38,92.37,52.16,99.49,7,43.73,6.25,0.07,tight_deadline
EV_7f081cb1,ST008,2025-04-01 14:25:26,2025-04-01 16:00:38,78.27,10.29,90.0,50,62.39,1.25,0.34,tight_deadline
EV_bb429bb3,ST008,2025-04-01 14:27:35,2025-04-01 16:10:50,65.43,30.29,81.63,22,33.59,1.53,0.19,tight_deadline
EV_989a3e22,ST020,2025-04-01 14:30:06,2025-04-01 15:40:39,72.98,56.01,89.31,22,24.31,1.1,0.07,tight_deadline
EV_cef14c2b,ST020,2025-04-01 14:30:32,2025-04-01 17:11:04,75.82,56.52,90.07,11,25.44,2.31,0.36,tight_deadline
EV_76d9b8c1,ST016,2025-04-01 14:30:38,2025-04-01 21:16:03,63.91,29.23,98.96,7,44.56,6.37,0.39,tight_deadline
EV_d3d97ba1,ST012,2025-04-01 14:30:54,2025-04-01 18:48:00,66.55,24.96,92.27,11,44.79,4.07,0.21,tight_deadline
EV_8bbf78cd,ST020,2025-04-01 14:34:19,2025-04-01 22:14:29,62.13,13.5,95.46,7,50.92,7.27,0.39,tight_deadline
EV_3a8c1b23,ST020,2025-04-01 14:35:39,2025-04-01 17:21:14,80.16,50.88,81.94,11,24.89,2.26,0.5,tight_deadline
EV_83ea4e4f,ST002,2025-04-01 14:38:15,2025-04-01 15:55:49,91.09,29.99,85.48,50,50.55,1.01,0.28,tight_deadline
EV_9a351cf5,ST010,2025-04-01 14:41:58,2025-04-01 16:19:49,32.52,40.42,82.84,11,13.8,1.25,0.38,tight_deadline
EV_ee358bba,ST010,2025-04-01 14:43:02,2025-04-01 21:36:16,83.42,28.38,84.5,7,46.82,6.69,0.2,tight_deadline
EV_8f826e6c,ST003,2025-04-01 14:50:16,2025-04-01 20:34:43,41.88,10.1,99.02,7,37.23,5.32,0.42,tight_deadline
EV_4ad4966a,ST005,2025-04-01 14:50:20,2025-04-01 21:27:19,82.5,30.06,85.79,7,45.97,6.57,0.05,tight_deadline
EV_25c333df,ST005,2025-04-01 14:52:53,2025-04-01 23:35:36,80.46,13.66,87.88,7,59.72,8.53,0.18,tight_deadline
EV_130966ec,ST017,2025-04-01 14:55:15,2025-04-01 20:09:41,43.92,16.92,97.31,7,35.31,5.04,0.2,tight_deadline
EV_535e38a3,ST013,2025-04-01 15:00:11,2025-04-01 23:01:58,88.41,22.43,82.38,7,53.0,7.57,0.46,tight_deadline
EV_7d874613,ST007,2025-04-01 15:00:47,2025-04-01 22:01:31,89.52,47.5,99.63,7,46.67,6.67,0.35,tight_deadline
EV_e4690b28,ST010,2025-04-01 15:03:26,2025-04-01 16:56:21,32.86,29.92,82.34,11,17.23,1.57,0.32,tight_deadline
EV_6ed3a505,ST012,2025-04-01 15:03:30,2025-04-01 18:34:29,60.89,24.28,86.73,11,38.03,3.46,0.06,tight_deadline
EV_92486586,ST018,2025-04-01 15:05:12,2025-04-01 18:24:00,89.01,58.47,99.07,11,36.14,3.29,0.03,tight_deadline
EV_7ae539e2,ST008,2025-04-01 15:09:07,2025-04-01 18:26:24,69.66,48.58,96.78,11,33.57,3.05,0.24,tight_deadline
EV_53697665,ST005,2025-04-01 15:15:42,2025-04-01 16:37:52,42.45,16.14,80.74,22,27.42,1.25,0.12,tight_deadline
EV_3775e0b1,ST003,2025-04-01 15:17:31,2025-04-01 17:57:27,52.92,34.73,82.17,11,25.1,2.28,0.38,tight_deadline
EV_7fd2a45b,ST012,2025-04-01 15:21:43,2025-04-01 20:32:09,76.68,25.37,92.48,11,51.46,4.68,0.5,tight_deadline
EV_f5eed7a4,ST019,2025-04-01 15:23:58,2025-04-02 00:02:35,92.62,25.29,88.34,7,58.41,8.34,0.3,tight_deadline
EV_e00b90a4,ST009,2025-04-01 15:30:01,2025-04-01 17:45:43,30.3,18.7,94.24,11,22.89,2.08,0.18,tight_deadline
EV_1366d380,ST006,2025-04-01 15:35:15,2025-04-01 18:25:19,56.48,39.37,92.52,11,30.02,2.73,0.11,tight_deadline
EV_d6fa1d07,ST008,2025-04-01 15:36:08,2025-04-01 18:27:57,43.87,49.84,91.5,7,18.27,2.61,0.25,tight_deadline
EV_401b2b2e,ST006,2025-04-01 15:42:12,2025-04-02 01:03:17,86.79,18.42,92.36,7,64.18,9.17,0.18,tight_deadline
EV_4a0e855f,ST010,2025-04-01 15:43:38,2025-04-01 17:05:45,30.89,57.98,88.79,7,9.52,1.36,0.01,tight_deadline
EV_a4e558b3,ST018,2025-04-01 15:44:58,2025-04-01 17:25:24,82.61,11.36,89.54,50,64.59,1.29,0.38,tight_deadline
EV_a57425b2,ST015,2025-04-01 15:50:07,2025-04-01 16:56:52,45.13,11.24,97.38,50,38.88,0.78,0.33,tight_deadline
EV_7add0a05,ST018,2025-04-01 15:57:17,2025-04-01 17:33:48,31.56,57.97,91.46,7,10.57,1.51,0.1,tight_deadline
EV_03dd4e12,ST003,2025-04-01 15:58:46,2025-04-01 16:37:45,78.52,51.48,87.49,50,28.27,0.57,0.08,tight_deadline
EV_247c1fc6,ST009,2025-04-01 15:59:31,2025-04-01 17:36:17,39.86,32.84,99.58,22,26.61,1.21,0.4,tight_deadline
EV_e0da2f4c,ST008,2025-04-01 16:00:14,2025-04-01 21:18:21,81.28,17.48,84.79,11,54.71,4.97,0.33,tight_deadline
EV_c3633ba9,ST019,2025-04-01 16:02:50,2025-04-01 17:55:15,78.35,51.03,92.12,22,32.19,1.46,0.41,tight_deadline
EV_bc1ddbd7,ST012,2025-04-01 16:06:04,2025-04-01 17:16:34,38.65,52.35,81.37,11,11.22,1.02,0.16,tight_deadline
EV_6f5fc7e1,ST020,2025-04-01 16:09:13,2025-04-01 18:13:22,46.66,57.59,82.64,7,11.69,1.67,0.4,tight_deadline
EV_f05e269a,ST018,2025-04-01 16:17:27,2025-04-01 22:13:27,90.6,44.83,87.33,7,38.5,5.5,0.43,tight_deadline
EV_6d7160bc,ST005,2025-04-01 16:19:03,2025-04-01 17:10:16,37.4,50.25,91.5,22,15.43,0.7,0.15,tight_deadline
EV_64bed086,ST005,2025-04-01 16:24:56,2025-04-01 18:45:15,36.6,24.76,88.31,11,23.26,2.11,0.22,tight_deadline
EV_0e5a7424,ST008,2025-04-01 16:26:00,2025-04-01 18:12:51,66.72,59.29,86.56,11,18.19,1.65,0.13,tight_deadline
EV_09555c1a,ST004,2025-04-01 16:28:03,2025-04-01 18:45:46,44.63,38.92,95.04,11,25.05,2.28,0.02,tight_deadline
EV_e0e8ad81,ST006,2025-04-01 16:37:45,2025-04-01 19:38:51,42.84,46.72,93.92,7,20.22,2.89,0.13,tight_deadline
EV_79e38be8,ST007,2025-04-01 16:42:10,2025-04-01 22:00:03,65.68,37.91,93.86,7,36.75,5.25,0.05,tight_deadline
EV_469ccf18,ST019,2025-04-01 16:56:19,2025-04-01 19:28:32,69.46,15.59,92.77,22,53.61,2.44,0.1,tight_deadline
EV_2c0d0bbe,ST013,2025-04-01 16:57:10,2025-04-01 17:35:28,35.34,28.33,99.12,50,25.01,0.5,0.14,tight_deadline
EV_bf5885d4,ST014,2025-04-01 17:20:46,2025-04-02 01:16:59,72.02,10.83,84.06,7,52.74,7.53,0.4,tight_deadline
EV_dbceefe2,ST007,2025-04-01 17:22:34,2025-04-01 20:04:02,70.57,58.18,99.63,11,29.25,2.66,0.03,tight_deadline
EV_b7bda8ec,ST018,2025-04-01 17:23:26,2025-04-01 21:06:45,35.78,16.6,88.63,7,25.77,3.68,0.04,tight_deadline
EV_096bc223,ST002,2025-04-01 17:26:21,2025-04-01 19:16:24,69.4,25.24,80.68,22,38.47,1.75,0.09,tight_deadline
EV_6de64490,ST017,2025-04-01 17:26:30,2025-04-02 01:54:26,90.63,27.95,93.02,7,58.98,8.43,0.04,tight_deadline
EV_3208bd8b,ST019,2025-04-01 17:26:31,2025-04-01 19:06:40,34.43,43.11,86.63,11,14.98,1.36,0.31,tight_deadline
EV_74f401da,ST003,2025-04-01 17:27:16,2025-04-02 01:07:06,79.03,27.57,92.75,7,51.51,7.36,0.3,tight_deadline
EV_a32b88c1,ST010,2025-04-01 17:29:29,2025-04-02 01:37:02,82.11,14.87,82.05,7,55.16,7.88,0.25,tight_deadline
EV_1c92ae11,ST014,2025-04-01 17:30:54,2025-04-01 22:21:00,74.43,49.87,91.24,7,30.79,4.4,0.44,tight_deadline
EV_5725ab6c,ST004,2025-04-01 17:32:15,2025-04-01 19:03:22,61.95,55.95,92.44,22,22.61,1.03,0.49,tight_deadline
EV_fede3db2,ST005,2025-04-01 17:35:41,2025-04-02 00:14:38,86.54,32.57,83.54,7,44.11,6.3,0.35,tight_deadline
EV_0c4e5c1e,ST019,2025-04-01 17:36:58,2025-04-02 00:29:30,95.75,23.37,97.59,11,71.07,6.46,0.41,tight_deadline
EV_2b4fe22b,ST017,2025-04-01 17:40:22,2025-04-01 18:54:58,73.87,55.97,81.77,22,19.05,0.87,0.38,tight_deadline
EV_c0dd27f0,ST005,2025-04-01 17:40:26,2025-04-01 20:31:33,46.28,54.87,96.59,7,19.31,2.76,0.09,tight_deadline
EV_93b1f8a1,ST012,2025-04-01 17:41:39,2025-04-02 01:16:00,99.55,20.43,99.0,11,78.22,7.11,0.46,tight_deadline
EV_af419c44,ST009,2025-04-01 17:42:04,2025-04-01 20:43:47,76.83,45.88,85.77,11,30.65,2.79,0.24,tight_deadline
EV_cee03a7d,ST005,2025-04-01 17:48:07,2025-04-01 22:47:06,54.69,33.48,95.12,7,33.7,4.81,0.17,tight_deadline
EV_c63a0995,ST016,2025-04-01 17:54:54,2025-04-01 21:54:32,36.15,14.22,87.48,7,26.49,3.78,0.21,tight_deadline
EV_8e68c9c7,ST010,2025-04-01 17:55:35,2025-04-01 21:00:59,50.95,41.16,97.16,11,28.53,2.59,0.5,tight_deadline
EV_ad105713,ST005,2025-04-01 17:56:26,2025-04-01 19:02:25,93.58,50.96,96.24,50,42.38,0.85,0.25,tight_deadline
EV_d8122161,ST019,2025-04-01 18:00:56,2025-04-01 22:32:00,96.35,51.8,83.49,7,30.53,4.36,0.16,tight_deadline
EV_5136f14b,ST005,2025-04-01 18:04:59,2025-04-02 00:22:47,70.47,29.01,89.08,7,42.33,6.05,0.25,tight_deadline
EV_6a0209aa,ST001,2025-04-01 18:16:30,2025-04-01 20:06:58,55.78,20.33,80.03,22,33.3,1.51,0.33,tight_deadline
EV_b8718c02,ST018,2025-04-01 18:17:03,2025-04-01 19:57:41,80.83,59.4,93.34,22,27.43,1.25,0.43,tight_deadline
EV_ba06d0a9,ST003,2025-04-01 18:17:30,2025-04-01 19:14:42,59.06,34.04,97.1,50,37.24,0.74,0.21,tight_deadline
EV_457f80c1,ST005,2025-04-01 18:19:00,2025-04-01 19:27:50,32.62,12.04,81.34,22,22.61,1.03,0.12,tight_deadline
EV_7baf4a9c,ST017,2025-04-01 18:26:26,2025-04-02 00:24:57,91.58,38.52,82.43,7,40.21,5.74,0.23,tight_deadline
EV_7014ff24,ST009,2025-04-01 18:26:52,2025-04-01 22:10:12,31.5,12.06,87.3,7,23.7,3.39,0.34,tight_deadline
EV_3d9b54b8,ST002,2025-04-01 18:29:06,2025-04-01 21:02:44,51.45,49.14,97.02,11,24.64,2.24,0.32,tight_deadline
EV_70708fc0,ST003,2025-04-01 18:30:29,2025-04-01 21:21:36,36.79,36.56,86.2,7,18.26,2.61,0.24,tight_deadline
EV_1ad69960,ST007,2025-04-01 18:34:17,2025-04-01 21:31:05,68.75,55.36,83.63,7,19.44,2.78,0.17,tight_deadline
EV_eada1643,ST001,2025-04-01 18:38:39,2025-04-01 20:09:40,66.2,52.4,98.51,22,30.52,1.39,0.13,tight_deadline
EV_8d31221a,ST020,2025-04-01 18:40:31,2025-04-01 21:29:32,63.77,53.02,81.18,7,17.96,2.57,0.25,tight_deadline
EV_6a03ee88,ST001,2025-04-01 18:41:37,2025-04-01 22:10:27,51.66,51.44,92.45,7,21.19,3.03,0.45,tight_deadline
EV_b4ac1a6a,ST014,2025-04-01 18:57:29,2025-04-01 23:14:25,50.54,41.55,96.83,7,27.94,3.99,0.29,tight_deadline
EV_4f639e88,ST008,2025-04-01 19:06:11,2025-04-01 21:16:08,40.23,45.82,80.9,7,14.11,2.02,0.15,tight_deadline
EV_d5039286,ST010,2025-04-01 19:08:32,2025-04-01 20:41:23,58.15,34.74,81.95,22,27.45,1.25,0.3,tight_deadline
EV_126853b8,ST010,2025-04-01 19:08:36,2025-04-01 20:27:22,32.2,57.54,81.27,7,7.64,1.09,0.22,tight_deadline
EV_30985f98,ST009,2025-04-01 19:10:57,2025-04-01 21:57:36,46.15,20.64,82.48,11,28.54,2.59,0.18,tight_deadline
EV_92703922,ST005,2025-04-01 19:12:15,2025-04-01 20:35:12,62.18,44.68,84.32,22,24.65,1.12,0.26,tight_deadline
EV_329308ce,ST013,2025-04-01 19:13:26,2025-04-01 21:17:56,58.99,16.62,80.96,22,37.95,1.73,0.35,tight_deadline
EV_9fa1cf4e,ST005,2025-04-01 19:19:18,2025-04-02 00:52:38,95.47,58.08,96.07,7,36.28,5.18,0.37,tight_deadline
EV_bd442863,ST014,2025-04-01 19:21:23,2025-04-01 20:37:48,34.58,52.26,85.37,11,11.45,1.04,0.23,tight_deadline
EV_1f1ab4ce,ST001,2025-04-01 19:21:28,2025-04-01 21:15:47,35.41,37.88,96.76,11,20.85,1.9,0.01,tight_deadline
EV_76773491,ST006,2025-04-01 19:26:06,2025-04-01 23:05:13,55.65,30.55,99.78,11,38.52,3.5,0.15,tight_deadline
EV_f7bee8d6,ST003,2025-04-01 19:28:53,2025-04-02 03:24:47,89.48,29.59,90.36,7,54.38,7.77,0.16,tight_deadline
EV_c5251680,ST016,2025-04-01 19:29:33,2025-04-01 20:58:48,54.94,41.86,85.35,22,23.9,1.09,0.4,tight_deadline
EV_28e674f9,ST002,2025-04-01 19:32:25,2025-04-02 05:48:29,94.58,15.83,89.11,7,69.31,9.9,0.37,tight_deadline
EV_3790be75,ST019,2025-04-01 19:33:17,2025-04-01 20:10:46,70.93,49.5,86.12,50,25.98,0.52,0.11,tight_deadline
EV_311d737b,ST004,2025-04-01 19:38:29,2025-04-01 21:30:00,39.24,48.08,87.01,11,15.28,1.39,0.47,tight_deadline
EV_a51d8b9a,ST008,2025-04-01 19:39:10,2025-04-01 22:58:17,80.53,56.58,83.97,7,22.05,3.15,0.17,tight_deadline
EV_6852d6d5,ST016,2025-04-01 19:42:00,2025-04-01 21:08:40,71.74,46.62,84.49,22,27.17,1.23,0.21,tight_deadline
EV_aa758271,ST020,2025-04-01 19:44:52,2025-04-02 01:34:23,78.27,37.88,86.13,7,37.76,5.39,0.43,tight_deadline
EV_42969007,ST005,2025-04-01 19:46:39,2025-04-01 23:54:08,75.77,29.08,82.72,11,40.64,3.69,0.43,tight_deadline
EV_0fcefa04,ST019,2025-04-01 19:49:05,2025-04-01 23:19:27,84.68,55.52,96.81,11,34.96,3.18,0.33,tight_deadline
EV_368f16c2,ST007,2025-04-01 19:59:31,2025-04-02 00:25:46,83.49,43.79,96.6,11,44.09,4.01,0.43,tight_deadline
EV_4efd8e5b,ST006,2025-04-01 20:00:10,2025-04-01 23:18:26,31.19,23.74,91.67,7,21.19,3.03,0.28,tight_deadline
EV_da1fec8f,ST003,2025-04-01 20:05:02,2025-04-01 21:55:29,76.45,47.95,99.96,22,39.76,1.81,0.03,tight_deadline
EV_9867a7ba,ST012,2025-04-01 20:05:26,2025-04-01 21:53:05,69.48,34.11,89.93,22,38.78,1.76,0.03,tight_deadline
EV_9c1f571a,ST018,2025-04-01 20:09:16,2025-04-01 23:46:30,45.86,35.79,83.75,7,21.99,3.14,0.48,tight_deadline
EV_d1e77d8c,ST004,2025-04-01 20:10:40,2025-04-01 21:08:47,55.11,40.57,94.34,50,29.63,0.59,0.38,tight_deadline
EV_3530253b,ST015,2025-04-01 20:10:44,2025-04-01 21:32:21,42.35,24.36,85.38,22,25.84,1.17,0.19,tight_deadline
EV_1b8cac51,ST006,2025-04-01 20:10:52,2025-04-02 03:03:12,71.12,21.5,87.53,7,46.96,6.71,0.16,tight_deadline
EV_ec6c3749,ST012,2025-04-01 20:12:32,2025-04-01 22:41:43,73.36,16.54,88.39,22,52.71,2.4,0.09,tight_deadline
EV_2b4b7792,ST009,2025-04-01 20:13:06,2025-04-01 20:48:06,51.98,43.3,96.8,50,27.81,0.56,0.03,tight_deadline
EV_604c8d07,ST005,2025-04-01 20:14:50,2025-04-02 00:20:42,69.08,52.54,92.67,7,27.72,3.96,0.14,tight_deadline
EV_8bf6c6ad,ST015,2025-04-01 20:24:21,2025-04-01 21:55:01,44.88,54.21,88.12,11,15.22,1.38,0.13,tight_deadline
EV_cac0f388,ST001,2025-04-01 20:30:44,2025-04-01 21:31:55,54.19,18.67,89.94,50,38.62,0.77,0.25,tight_deadline
EV_c00e7ec4,ST011,2025-04-01 20:32:27,2025-04-02 03:25:33,90.89,38.46,91.19,7,47.93,6.85,0.04,tight_deadline
EV_11b899c1,ST007,2025-04-01 20:32:54,2025-04-01 22:59:01,34.44,25.95,91.7,11,22.65,2.06,0.38,tight_deadline
EV_ab4ceeeb,ST009,2025-04-01 20:42:32,2025-04-01 22:57:48,95.27,39.13,87.15,22,45.75,2.08,0.17,tight_deadline
EV_3003aaac,ST004,2025-04-01 20:42:45,2025-04-01 22:14:07,44.2,21.97,94.66,22,32.13,1.46,0.06,tight_deadline
EV_0398eb23,ST015,2025-04-01 20:46:25,2025-04-01 22:45:09,85.58,57.4,99.71,22,36.21,1.65,0.33,tight_deadline
EV_ed1c268d,ST009,2025-04-01 20:47:23,2025-04-01 23:35:16,93.02,35.6,90.06,22,50.66,2.3,0.5,tight_deadline
EV_b75e68fa,ST018,2025-04-01 20:47:46,2025-04-02 03:00:09,90.01,26.06,98.36,11,65.08,5.92,0.29,tight_deadline
EV_732f45c7,ST005,2025-04-01 20:53:10,2025-04-01 22:44:05,85.33,40.45,83.97,22,37.13,1.69,0.16,tight_deadline
EV_5221bba8,ST018,2025-04-01 20:58:57,2025-04-01 22:38:55,33.6,39.59,90.98,11,17.27,1.57,0.1,tight_deadline
EV_70041a57,ST017,2025-04-01 21:02:06,2025-04-02 00:11:13,30.75,24.36,91.27,7,20.57,2.94,0.21,tight_deadline
EV_0a31983e,ST007,2025-04-01 21:02:09,2025-04-02 01:41:45,40.7,11.52,86.27,7,30.43,4.35,0.31,tight_deadline
EV_03f8da90,ST010,2025-04-01 21:02:37,2025-04-01 22:17:33,67.42,11.95,81.56,50,46.93,0.94,0.31,tight_deadline
EV_da492db2,ST013,2025-04-01 21:03:10,2025-04-02 00:11:00,54.58,57.89,95.25,7,20.39,2.91,0.22,tight_deadline
EV_cc8d9df5,ST012,2025-04-01 21:03:57,2025-04-01 23:16:09,40.28,53.4,83.4,7,12.08,1.73,0.48,tight_deadline
EV_36dc5933,ST014,2025-04-01 21:04:33,2025-04-02 00:40:40,38.22,27.54,90.92,7,24.22,3.46,0.14,tight_deadline
EV_eb1fe22a,ST014,2025-04-01 21:05:36,2025-04-01 21:58:41,45.28,48.98,82.26,22,15.07,0.68,0.2,tight_deadline
EV_9132694f,ST002,2025-04-01 21:06:55,2025-04-01 22:53:05,36.53,50.32,96.37,11,16.82,1.53,0.24,tight_deadline
EV_8a5af3cd,ST003,2025-04-01 21:14:52,2025-04-01 22:11:05,84.22,38.25,89.31,50,43.01,0.86,0.08,tight_deadline
EV_90d7ee52,ST013,2025-04-01 21:15:39,2025-04-01 22:53:48,37.71,52.09,99.07,11,17.72,1.61,0.03,tight_deadline
EV_419876fb,ST009,2025-04-01 21:17:34,2025-04-02 00:41:45,38.94,27.57,82.58,7,21.42,3.06,0.34,tight_deadline
EV_e6cfef9f,ST007,2025-04-01 21:17:38,2025-04-02 02:42:32,75.2,15.32,92.14,11,57.77,5.25,0.16,tight_deadline
EV_2bd0993e,ST014,2025-04-01 21:18:44,2025-04-01 21:55:24,34.68,52.12,90.87,22,13.44,0.61,0.0,tight_deadline
EV_2f298090,ST017,2025-04-01 21:23:01,2025-04-01 23:00:40,70.74,46.7,91.46,22,31.66,1.44,0.19,tight_deadline
EV_48be596e,ST015,2025-04-01 21:23:23,2025-04-02 00:53:29,78.3,51.54,98.38,11,36.68,3.33,0.17,tight_deadline
EV_4efa92a0,ST003,2025-04-01 21:29:08,2025-04-02 00:41:14,59.4,37.13,95.19,11,34.49,3.14,0.07,tight_deadline
EV_d7865af6,ST004,2025-04-01 21:30:41,2025-04-01 23:17:47,51.62,54.55,89.45,11,18.02,1.64,0.15,tight_deadline
EV_d469cea2,ST013,2025-04-01 21:37:59,2025-04-02 04:52:55,85.9,42.28,97.68,7,47.59,6.8,0.45,tight_deadline
EV_795f2780,ST012,2025-04-01 21:39:26,2025-04-01 22:35:58,55.0,18.4,90.21,50,39.5,0.79,0.15,tight_deadline
EV_2a241728,ST016,2025-04-01 21:45:56,2025-04-02 03:58:34,94.36,24.78,93.5,11,64.85,5.9,0.32,tight_deadline
EV_282c3c27,ST012,2025-04-01 21:46:44,2025-04-02 04:10:40,79.35,29.83,82.41,7,41.72,5.96,0.44,tight_deadline
EV_31457603,ST001,2025-04-01 21:55:12,2025-04-02 01:53:39,74.46,45.4,98.88,11,39.82,3.62,0.35,tight_deadline
EV_6f4957d9,ST004,2025-04-01 22:03:06,2025-04-01 23:18:24,95.52,36.83,91.19,50,51.93,1.04,0.22,tight_deadline
EV_d51bfb19,ST011,2025-04-01 22:03:14,2025-04-01 23:31:57,43.92,54.31,84.21,11,13.13,1.19,0.28,tight_deadline
EV_9bbd5571,ST019,2025-04-01 22:05:48,2025-04-02 00:23:37,32.79,21.95,85.19,11,20.74,1.89,0.41,tight_deadline
EV_87704899,ST017,2025-04-01 22:06:20,2025-04-02 00:46:17,59.95,53.68,99.89,11,27.71,2.52,0.15,tight_deadline
EV_03b24151,ST019,2025-04-01 22:07:29,2025-04-02 01:58:35,72.66,52.08,84.6,7,23.63,3.38,0.48,tight_deadline
EV_1c39d996,ST015,2025-04-01 22:08:04,2025-04-01 23:47:21,89.38,18.77,86.92,50,60.91,1.22,0.44,tight_deadline
EV_45392543,ST015,2025-04-01 22:09:19,2025-04-02 04:38:16,61.97,22.18,93.74,7,44.35,6.34,0.15,tight_deadline
EV_42e76842,ST004,2025-04-01 22:09:20,2025-04-02 01:00:18,57.93,41.27,86.78,11,26.37,2.4,0.45,tight_deadline
EV_0eed68a9,ST005,2025-04-01 22:12:02,2025-04-01 22:46:20,65.95,48.16,84.19,50,23.76,0.48,0.1,tight_deadline
EV_769f2492,ST012,2025-04-01 22:14:44,2025-04-02 03:31:52,82.01,20.76,90.73,11,57.38,5.22,0.07,tight_deadline
EV_6caae5e5,ST012,2025-04-01 22:15:15,2025-04-01 23:45:31,40.23,30.55,89.56,22,23.74,1.08,0.43,tight_deadline
EV_f9e7d57c,ST008,2025-04-01 22:18:22,2025-04-01 22:55:10,46.81,55.22,90.8,50,16.65,0.33,0.28,tight_deadline
EV_d2e5bc5c,ST005,2025-04-01 22:20:22,2025-04-02 00:55:45,71.08,16.61,89.76,22,52.0,2.36,0.23,tight_deadline
EV_ed86b91d,ST020,2025-04-01 22:21:02,2025-04-02 03:52:56,76.34,13.82,89.67,11,57.91,5.26,0.27,tight_deadline
EV_34d0ea8a,ST005,2025-04-01 22:22:15,2025-04-01 23:13:29,54.17,20.22,80.9,50,32.87,0.66,0.2,tight_deadline
EV_b1053e3f,ST016,2025-04-01 22:24:15,2025-04-02 02:55:26,57.9,14.01,92.66,11,45.54,4.14,0.38,tight_deadline
EV_0dbc6822,ST017,2025-04-01 22:29:05,2025-04-02 00:20:59,71.81,53.24,96.65,22,31.17,1.42,0.45,tight_deadline
EV_29294b24,ST001,2025-04-01 22:29:32,2025-04-01 23:51:03,32.96,58.7,82.36,7,7.8,1.11,0.24,tight_deadline
EV_e2229e26,ST004,2025-04-01 22:34:02,2025-04-02 03:39:55,52.86,26.69,93.77,7,35.46,5.07,0.03,tight_deadline
EV_b6290a73,ST009,2025-04-01 22:34:51,2025-04-02 02:06:02,75.73,47.14,92.11,11,34.06,3.1,0.42,tight_deadline
EV_fd3beb59,ST016,2025-04-01 22:36:01,2025-04-02 01:11:59,57.84,39.44,82.45,11,24.88,2.26,0.34,tight_deadline
EV_dc1f5068,ST012,2025-04-01 22:38:36,2025-04-01 23:36:49,35.11,49.81,81.59,22,11.16,0.51,0.46,tight_deadline
EV_5affdb82,ST006,2025-04-01 22:41:58,2025-04-02 01:16:07,76.34,13.5,86.43,22,55.68,2.53,0.04,tight_deadline
EV_fb82c6e9,ST018,2025-04-01 22:47:02,2025-04-02 01:39:38,42.72,16.8,87.0,11,29.99,2.73,0.15,tight_deadline
EV_6e50c414,ST020,2025-04-01 22:49:31,2025-04-02 02:04:52,41.54,48.56,95.77,7,19.61,2.8,0.45,tight_deadline
EV_8278079e,ST008,2025-04-01 22:53:15,2025-04-02 01:23:05,30.59,30.49,81.32,7,15.55,2.22,0.28,tight_deadline
EV_f07254ae,ST010,2025-04-01 22:53:25,2025-04-02 06:30:18,98.34,38.57,89.65,7,50.23,7.18,0.44,tight_deadline
EV_a610336b,ST012,2025-04-01 22:55:03,2025-04-02 07:05:17,86.18,30.44,95.38,7,55.96,7.99,0.18,tight_deadline
EV_56e78181,ST004,2025-04-01 22:57:41,2025-04-02 01:04:41,36.55,30.77,91.03,11,22.03,2.0,0.11,tight_deadline
EV_9be57098,ST004,2025-04-01 23:02:15,2025-04-02 04:41:12,69.13,46.88,99.62,7,36.46,5.21,0.44,tight_deadline
EV_73974610,ST018,2025-04-01 23:09:18,2025-04-02 02:30:47,59.71,55.59,89.72,7,20.38,2.91,0.45,tight_deadline
EV_7ef6ca7f,ST006,2025-04-01 23:09:45,2025-04-02 00:10:38,46.51,43.03,88.58,22,21.19,0.96,0.05,tight_deadline
EV_fa3e7ba4,ST008,2025-04-01 23:11:08,2025-04-02 00:35:49,65.15,47.64,85.22,22,24.48,1.11,0.3,tight_deadline
EV_9d41f083,ST015,2025-04-01 23:13:02,2025-04-02 04:40:00,57.47,30.16,92.0,7,35.54,5.08,0.37,tight_deadline
EV_f058477d,ST010,2025-04-01 23:20:01,2025-04-02 05:24:44,64.06,33.96,98.19,7,41.15,5.88,0.2,tight_deadline
EV_ebbcdb61,ST008,2025-04-01 23:25:26,2025-04-02 00:56:22,40.66,55.53,89.53,11,13.82,1.26,0.26,tight_deadline
EV_13ee1034,ST015,2025-04-01 23:26:03,2025-04-02 02:44:19,82.08,53.81,97.79,11,36.1,3.28,0.02,tight_deadline
EV_349cd3a9,ST020,2025-04-01 23:29:40,2025-04-02 05:47:13,78.49,32.21,86.39,7,42.53,6.08,0.22,tight_deadline
EV_e33d49bc,ST003,2025-04-01 23:32:30,2025-04-02 00:53:04,61.1,58.42,80.96,11,13.77,1.25,0.09,tight_deadline
EV_9f8549ef,ST016,2025-04-01 23:33:33,2025-04-02 02:29:55,68.12,35.19,80.09,11,30.59,2.78,0.16,tight_deadline
EV_75d10e87,ST015,2025-04-01 23:36:00,2025-04-02 05:15:21,62.97,24.68,87.38,7,39.48,5.64,0.02,tight_deadline
EV_708e85e5,ST011,2025-04-01 23:37:00,2025-04-02 00:19:46,60.04,59.89,96.98,50,22.27,0.45,0.27,tight_deadline
EV_38bd22e3,ST004,2025-04-01 23:39:14,2025-04-02 03:58:28,58.06,37.1,83.84,7,27.14,3.88,0.44,tight_deadline
EV_d03d947d,ST007,2025-04-01 23:42:35,2025-04-02 02:31:32,95.99,28.85,89.31,22,58.04,2.64,0.18,tight_deadline
EV_cc0f60e1,ST013,2025-04-01 23:43:11,2025-04-02 01:20:24,99.89,26.81,84.79,50,57.92,1.16,0.46,tight_deadline
EV_4fffd4df,ST014,2025-04-01 23:44:08,2025-04-02 04:08:37,43.1,31.34,99.78,7,29.49,4.21,0.19,tight_deadline
EV_a2911fdc,ST011,2025-04-01 23:44:10,2025-04-02 04:28:01,77.09,21.56,84.29,11,48.35,4.4,0.34,tight_deadline
EV_79235b5e,ST020,2025-04-01 23:45:36,2025-04-02 02:27:35,43.11,38.58,98.99,11,26.04,2.37,0.33,tight_deadline
EV_b2110db7,ST013,2025-04-01 23:46:38,2025-04-02 06:20:45,85.78,28.97,81.93,7,45.43,6.49,0.08,tight_deadline
EV_2e7a51ca,ST012,2025-04-01 23:46:43,2025-04-02 01:32:41,58.55,44.0,95.48,22,30.14,1.37,0.4,tight_deadline
EV_78ecbce0,ST018,2025-04-01 23:46:56,2025-04-02 02:32:18,61.19,38.13,82.87,11,27.38,2.49,0.27,tight_deadline
EV_48c6d810,ST006,2025-04-01 23:56:23,2025-04-02 02:33:58,37.64,17.83,87.77,11,26.33,2.39,0.23,tight_deadline
